id,created_date,created_time,type,message,link
141108613290_10157071487018291,27/11/2018,12:39:03,link,ป้าขวานซิ่งแกโดนริดรอนสิทธิมาเยอะ ตอนนี้แกก็เลยทำสิ่งที่แกควรทำมานานนน คือรักษาสิทธิของตัวเองและทำตามที่กฏหมาย คำสั่งศาล กำหนดไว้ จริงๆมันจะไม่มีเหตุการณ์แบบนี้หรอก ถ้าคนในตลาด มีน้ำใจให้ป้าแกตั้งแต่ต้น พับผ่า,https://www.one31.net/news/detail/6336?fbclid=IwAR0OkK40-ifZlKv1l-0KcpQfHCYAaYvddTLmJHQsNU13pznJsWgfZTcX2G0
141108613290_10156883406018291,13/9/2018,17:20:10,link,รอบนี้แซะไม่เข้านะ ถถถถถถถถถถถ,http://ow.ly/d2FT30lNJXo
141108613290_10156869640923291,8/9/2018,19:21:20,link,คลิปโปรโมทงานสอนเขียนโค้ดของ depa อันก่อน syntax error ครับ ถถถถถ ทางผู้จัดทำเขาแก้ไขเรียบร้อน อันนี้ hello world ได้แน่นอน ใครมีลูกมีหลายและสนใจอยากให้หัดเขียนโปรแกรมคอมพ์ ลองพาไปสมัครกันนาจา,https://m.youtube.com/watch?v=87fDpTjjwss
141108613290_10156872405653291,9/9/2018,17:33:04,link,ขอบคุณพ่อแม่พี่น้องที่ช่วยกันบริจาค อย่าลืมจูงลูกจูงหลานไปดูกันนะจ๊ะ,https://www.kaokonlakao.com/
141108613290_10157006864818291,31/10/2018,22:13:51,link,ลง netflix เมื่อไหร่บอกด้วยนู๋ จะได้ดูรวดเดียวซ้ากที,https://www.facebook.com/141108613290/posts/10157006413348291/
141108613290_10156861401653291,5/9/2018,12:22:53,link,ปีนี้ตายเพราะพิษสุนัขบ้า 16 คนแล้วครับ,https://www.matichon.co.th/local/quality-life/news_1117343
141108613290_10156911543503291,24/9/2018,8:50:42,link,อืมมมมมมมม,http://www.amarintv.com/news-update/news-12511/263688/
141108613290_10156857280413291,3/9/2018,23:07:10,link,รีวิว ก่อนจะไปดูของจริงกันวันพฤหัสนี้ มีคนบอกว่า ระวังไปร้องไห้ในโรง กรูดูไปร้องไห้ไปไม่รู้กี่รอบ ไม่ใช่เพราะเป็นบุคลากรทางการแพทย์เลยอินไปกับหนังเรื่องนี้ แต่เพราะการเล่าเรื่องมันงดงามจริงๆ ร้องไห้ด้วยความอิ่มเอมว่ะ มีพ่อแม่มีลูกหลาน จูงกันไปดูให้หมด มันเป็นหนังที่คนไทยควรดูมากๆ อาจจะเหมาะเป็นพิเศษ สำหรับคนที่กำลังค้นหาตัวตน ค้นหาความหมายของชีวิตอยู่นะ บอกได้แค่นี้แหละ,https://www.beartai.com/lifestyle/274749
141108613290_10157153819933291,29/12/2018,21:37:53,link,ใครว่างๆไม่ได้ไปไหน ว่างๆแวะไปกาชาดกันนะคนับ ช่วงนี้น่าจะใช้เลือดเยอะกันทั่วประเทศ,http://news.thaipbs.or.th/content/276642
141108613290_10157098462638291,7/12/2018,22:54:44,link,...ว้อท เครื่องสำอางยี่ห้อไหนวะที่อวดอ้างว่าเอาหนังหุ้มกุเจี๊ยวเด็กทารกมาเป็นส่วนผสม,https://oryor.com/digi_dev/detail/media_news/1526
141108613290_10157067399198291,25/11/2018,21:10:29,link,"ฉันบอกแม่ไปว่า ""หนูรักฟรีเซอร์มาก หนูไม่คิดว่าหนูจะรักมนุษย์คนไหนได้อีกแล้วละแม่ ดังนั้นหนูจะไม่แต่งงานกับใครเด็ดขาด หนูขอโทษด้วยนะคะ"" แต่แม่ตอบฉันด้วยน้ำเสียงสุดซีเรียสว่า ""แกคิดเหรอว่าฟรีเซอร์ผู้ที่มีพลังมหาศาลขนาดทำลายดาวได้ทั้งดวงจะมามีความรู้สึกอะไรกับมนุษย์ต๊อกต๋อยอย่างแก?""  ขุ่นแม่!!!!!!!",https://www.online-station.net/anime/view/121840
141108613290_10156750892503291,24/7/2018,11:53:10,link,เพื่อนบ้านเรากำลังเดือดร้อนว่ะ ที่ สปป ลาว  สันเขื่อนแตก มวลน้ำกว่าห้าพันล้านตันไหลท่วมบ้านเรือน จนท เร่งอพยพชาวบ้านหนีอยู่ บ้านเราคงมีส่งความช่วยเหลือไปช่วยเขามั้ง เด๋วรอดูข่าวว่าจะช่วยกันสนับสนุนทางช่องทางไหนได้บ้าง เป็นกำลังใจให้พ่อแม่พ่ี่น้องชาวลาวนะครับ  ปล ในสนุกเขาพาดหัวว่าห้าพันตัน แต่ของสื่อช่องอื่นลงว่าห้าพันล้านตันวุ้ย https://www.facebook.com/WorkpointNews/photos/pb.153951094974177.-2207520000.1532407783./702234580145823/?type=3&theater,https://www.sanook.com/news/7296778/
141108613290_10157023735563291,7/11/2018,17:35:56,link,ทำไมข่าววงการบันเทิงช่วงนี้มันอีรุงตุงนังจังวะ แลเวข่าวสงกรานต์นี่เขาได้บทสรุปกันยังวะ ไปอ่านข่าวแป้บ,https://bit.ly/2zCt4Wm
141108613290_10157151058158291,28/12/2018,17:58:06,link,เฮ้ยๆ ทำไมมันเริ่มแฟนตาซีขึ้นเรื่อยๆวะนั่น  สำหรับกรณีที่มีการพบว่ามีการเผาหญ้าบริเวณพบศพของ ด.ช.ซูลุยพิว หลังจากมีการนำร่างหนูน้อยไปชันสูตรแล้วนั้น ทางพ่อแม่ของ ด.ช.ซูลุยพิว เชื่อว่า เป็นการทำพิธีทางด้านไสยศาสตร์ของคนที่ทำร้ายลูกชายตนเอง  ซึ่งไม่รู้ว่าเป็นใคร ซึ่งการทำพิธีแบบนี้เพื่อป้องกันวิญญาณตามไปหลอกหลอน จึงสะกดวิญญาณเอาไว้,https://www.dailynews.co.th/crime/684971?fbclid=IwAR3-afM252T9FWAm_n88Elc2d3RYuNXZrKj2MdVZiJcevsaiM3KfpISRW60
141108613290_10156754011403291,25/7/2018,19:15:12,link,เพจไอ้โหลกแดงลงเอกสารตัวเต็ม ไปดูที่เพจมันได้เลย,https://www.matichon.co.th/education/news_1058414
141108613290_10156901211253291,20/9/2018,8:23:19,link,ข่าวดีครับจารยเจษ Jessada Denduangboripant คดีที่หน่วยงานรัฐฟ้องร้องคนขาย gt200 ในบ้านเรา ถึงที่สุดแล้วหนึ่งคดี   https://www.isranews.org/isranews/69481-royalguard00.html,https://www.isranews.org/isranews/69481-royalguard00.html
141108613290_10156891519988291,16/9/2018,21:16:54,link,ใครพบเห็นเบาะแส แจ้ง @กองปราบปราม ด่วน ปล พบเห็นมันที่ไหน อย่าเข้าไปบวกนะ น่าจะมีอาวุธ และฆ่าเด็กและคนชรามาแล้วสองศพ เรียก จนท มาจับหรือวิสามัญดีสุด,https://www.thaipost.net/main/detail/17680
141108613290_10156902063138291,20/9/2018,18:50:53,link,ตามข่าวคือ วันที่เกิดเหตุ นักธุรกิจคนนี้ เดินทางไปเยี่ยมญาติที่เป็นตำรวจที่นั่น แล้ววันนั้นบังเอิญ บิ๊กโจ๊กเขากำลังให้สัมภาษณ์สื่อ เกี่ยวกับคดีฉ้อโกงเงินสหกรณ์ตำรวจ ว่ากำลังจะเอาผู้ต้องหาที่เกี่ยวข้องกับคดีมาสอบเพิ่ม  ซึ่งไม่ใช่นักธุรกิจคนนี้  แต่บังเอิญนักธุรกิจเดินผ่านตรงที่เข้าสัมภาษณ์พอดี  แล้วมีสื่อถ่ายภาพเขาไปนำเสนอบอกว่า เขาคือผู้ต้องหาที่เอามาสอบเพิ่ม  .......................แบบนี้ก็ได้เหรอวะ  เขาเลยตั้งทนายมาดำเนินคดีกับสื่อที่เอาภาพของเขาไปลงข่าวแล้วระบุว่าเป็นผู้ต้องหาในคดีฉ้อโกงเงินสหกรณ์ตำรวจ,http://news1live.com/detail.aspx?NewsID=9610000094450
141108613290_10156984159118291,22/10/2018,16:22:54,link,ยินดีกับครอบครัวผู้ตายด้วยที่ ตร จับไอ้นี่ได้ละครับ,https://workpointnews.com/2018/10/22/%E0%B8%AB%E0%B8%A5%E0%B8%B1%E0%B8%87%E0%B8%AB%E0%B8%99%E0%B8%B5%E0%B8%81%E0%B8%9A%E0%B8%94%E0%B8%B2%E0%B8%99%E0%B8%89%E0%B8%B0%E0%B9%80%E0%B8%8A%E0%B8%B4%E0%B8%87%E0%B9%80%E0%B8%97%E0%B8%A3%E0%B8%B2/
141108613290_10156996094988291,27/10/2018,12:46:12,link,ตอนแรก นึกว่าคนรุ่นนั้น จะชอบนะ ที่เห็นการหยิบกิมมิค เกี่ยวกับประวัติศาสตร์ในตอนนั้นมานำเสนอไม่ให้คนลืมเลือนเหตุการณ์กันง่ายๆ เพราะทุกวันนี้ในตำราเรียนก็พูดถึงเหตุการณ์นั้นน้อยมาก ต้องไปหาหนังสืออ่านกันเอาเองถึงจะรู้ว่าประวัติศาสตร์ยุคนั้นเป็นยังไง  เอาจริงๆ เหตุการณ์เดือนตุลา ทุกวันนี้ ไม่ใช่เรื่องของคนเดือนตุลา แล้วมั้ง คำว่าคนเดือนตุลา มันหมดความขลังไปนานละ แต่มันเป็นเรื่องของคนไทยทุกคน ถ้าเด็กรุ่นใหม่เขาอยากย้ำเตือนประวัติศาสตร์ อยากเอาเรื่องในยุคนั้นมาตีแผ่ ก็ทำไปเถอะ จากนี้ไป พวกมึงเป็นคนกำหนดทิศทางประเทศชาติในยุคหน้าแล้วว่ามันจะไปในทางไหน,https://www.thaipost.net/main/detail/20804
141108613290_10156868897648291,8/9/2018,10:39:33,link,ความดีมันมีมูลค่านะ หลังเป็นข่าวช่วงแรกๆ คอหวยแห่กันไปซื้อหวยกับไอ้นี่กันมืดฟ้ามัวดิน ขนาดว่า หมื่นใบขายหมดเกลี้ยงในสามวัน ลองคูณเข้าไปว่าได้กำไรไปเท่าไหร่ แล้วแบบนี้คนที่หลงเชื่อไปซื้อลอตเตอรี่เพราะเชื่อว่าหมอนี่เป็นคนดี จะทำไรได้มั่งครับ แจ้งความได้มั้ย,http://www.tnews.co.th/contents/477455
141108613290_10156868870133291,8/9/2018,10:25:48,link,วงวารซินแส ซวยสุดในงานนี้ก็แกนี่ล่ะ ถถถถถถถถ,https://www.dailynews.co.th/regional/664554
141108613290_10156776313598291,3/8/2018,11:23:27,link,RIP ครับ สาเหตุการเสียชีวิตเบื้องต้นคือการฆ่าตัวตาย,http://gossipstar.mthai.com/hollywood/inter/70309
141108613290_10156802809668291,13/8/2018,18:34:45,link,กรูดูข่าว สื่อเอาคลิปพี่เสพไปนำเสนอในทีวี แม่งเซ็นเซอร์ไป 50% ฟังจับใจความไมไ่ด้เลยแสสส,https://www.thairath.co.th/content/1353797
141108613290_10157018568008291,5/11/2018,11:46:36,link,จบซ้ากกกกกกกกกกกกกกที ปะ ทำมาหากินต่อนู๋,https://www.dailynews.co.th/entertainment/675328
141108613290_10156769435103291,31/7/2018,15:51:04,link,น้องเขารู้ผลชันสูตรน้องหญิงยังวะ,https://www.sanook.com/news/7383142/
141108613290_10156958818133291,12/10/2018,18:18:51,link,กรูเดาว่าน่าจะแก้ตัวว่าน้ำเก๊กฮวย ไม่ก็ชาอูหลง สรุปแก้ตัวกับ จนท ว่าเป็นน้ำหวานว่ะ เหอๆ,https://www.dailynews.co.th/regional/671088
141108613290_10157105289018291,10/12/2018,14:48:46,link,..........เย,https://www.matichon.co.th/region/news_1266080?fbclid=IwAR1mawFy6Yss4HQg10mlTpMwNMHTUYCYTylZjeX2nhv8k-IEASLzScwZBmk
141108613290_10156875760788291,10/9/2018,22:44:45,link,ความพลาดของมึงคือ เล่นกับใครไม่เล่น มาเล่นกับด้อมนี้,https://mgronline.com/live/detail/9610000090776
141108613290_10157107334433291,11/12/2018,10:51:36,link,มันสนุกตรงไหนวะ โทรไปป่วนสายด่วนนี่ กรูเห็นแม่งทำกันจัง ทั้งสายด่วน ตร สายด่วนเรียกรถฉุกเฉินโดนโทรป่วนหม๊ดดดดด,http://news.ch7.com/detail/315773
141108613290_10156840654628291,28/8/2018,15:53:43,link,อันนี้เป็นผลจากที่เสี่ยแนวินแกออกมาแฉเรื่องภายในวงการวันก่อนปะวะ,https://www.khaosod.co.th/sports/news_1501981
141108613290_10157045082063291,16/11/2018,17:00:12,link,#ประเทศกูมี,https://www.khaosod.co.th/around-thailand/news_1833493
141108613290_10157148391748291,27/12/2018,19:06:13,link,พล.ต.อ. วิระชัย ได้เดินทางไปที่บ้านหลังที่เกิดเหตุเพลิงไหม้เพื่อให้บอล บางแก้ว   จำลองเหตุการณ์ในวันเหตุการณ์ให้กับพนักงานสอบสวนและเจ้าหน้าที่พิสูจน์หลักฐานได้ตรวจสอบลำดับเหตุการณ์ที่เกิดขึ้นโดยใช้เวลานานกว่า1ชม.จึงแล้วเสร็จ พล.ต.อ. วิระชัย เปิดเผยว่า วันนี้ได้ให้บอล บางแก้ว   จำลองเหตุการณ์ว่าก่อนเกิดเหตุขณะเกิดเหตุและหลังเกิดเหตุบอล บางแก้วทำอะไรอยู่ตรงไหน เมื่อเกิดเพลิงไหม้ทำอย่างไร ช่วยเหลืออย่างไรซึ่งได้เห็นภาพขณะเกิดเหตุ ในวันนี้ได้ประโยชน์ต่อรูปคดีมากและได้ซักถามบอล บางแก้วในที่เกิดเหตุในแต่ละจุดซึ่งบอล บางแก้วได้ให้ความร่วมมือเป็นอย่างดีพร้อมกับให้ข้อมูลว่าวันเกิดเหตุได้ติดต่ออะไรกับใครอย่างไรไปไหนมาบ้างซึ่งมีวัตถุพยานและพยานหลักฐานให้เจ้าหน้าที่ตำรวจตรวจสอบ ในส่วนของเหตุที่เกิดในบ้านมีอะไรวางอยู่ตรงไหนบ้างทำให้เจ้าหน้าที่ตำรวจสิ้นสงสัย  จากการตรวจสอบที่เกิดเหตุในวันนี้ทำให้เจ้าหน้าที่พิสูจน์หลักฐานก็มีความมั่นใจว่าต้นเพลิงเกิดขึ้นภายในห้องนอนส่วนสาเหตุการเกิดเพลิงไหม้ต้องรอผลการตรวจพิสูจน์อย่างละเอียดโดยคาดว่าภายในเดือนม.ค.2562จะสามารถปิดคดีนี้ได้อย่างแน่นอน... อ่านต่อที่ : https://dailynews.co.th/crime/684869,https://dailynews.co.th/crime/684869
141108613290_10156805530463291,14/8/2018,21:11:15,link,กุว่าเด็กมันก็ไม่สนใจอยู่ดีนะ ถถถถถถถถถ  2. แก้ไขลักษณะความประพฤติที่ห้ามกระทำเกี่ยวกับการแสดงพฤติกรรมทางชู้สาวอันไม่เหมาะสม จากเดิมที่ห้ามเฉพาะการแสดงพฤติกรรมทางชู้สาวซึ่งไม่เหมาะสมในที่สาธารณะ เป็นการห้ามไม่จำกัดสถานที่ โดยตัดคำว่า “ในที่สาธารณะ” ออก และกำหนดเพิ่มเติมห้ามกระทำการลามกอนาจารด้วย,https://mgronline.com/onlinesection/detail/9610000080910
141108613290_10156812012708291,17/8/2018,10:16:14,link,จะว่าไปกํไม่ได้เปิดทีวีมาซักพักละนะ ละครซีรี่ยกรูก็ดูในเน็ทฟลิกซ์ ข่าวก็ดูในยูทิวปกับดูในเฟซที่แต่ละสื่อเขาไลฟเอา,https://positioningmag.com/1183837
141108613290_10156921681658291,28/9/2018,15:14:15,link,พล.ต.ท.ชาญเทพ กล่าวว่า เบื้องต้นได้รับรายงานว่า จากการตรวจ พบข้อบกพร่องของเจ้าหน้าที่ตำรวจในการปฎิบัติหน้าที่ จำนวน 5-6 นาย เป็นชุดจับกุม พนักงานสอบสวน มีหลายระดับ รวมถึงมีเจ้าหน้าที่กระบวนการยุติธรรมระดับสูงร่วมอยู่ด้วย คาดว่าจะทราบผลสรุปทั้งหมดในช่วงกลางเดือนตุลานี้,https://www.matichon.co.th/local/crime/news_1151953
141108613290_10156759106348291,27/7/2018,19:51:01,link,เอาจริงๆรู้สึกตรงข้ามว่า กทม ที่ไม่มีรถติด แม่งไม่ใช่ กทม ว่ะ ถถถถถถถ เออ สมัยจ่าเรียนประถม เอ่อ ก็ร่วมๆยี่สิบจะสามสิบปีแล้ว ตอนนั้นพ่อก็พากลับบ้าน บ้านอยู่แถวชาวเมือง ขับรถผ่านตรงสาธรเว้ย แล้วก็ติดแหงกตรงนั้นห้าโมงถึงสองทุ่ม ไอ้สั้ส ถึงบ้านห้าทุ่ม เหี้ยไรกันเนี่ย รถติดเหี้ยอะไรกันมากมาย   แล้วแม่งก็เป็นงี้มาตลอด แบบพูดเลยว่าคนในเมืองตอนนั้น ใช้ชีวิตบนรถวันนึงเกินสามสี่ชั่วโมงแน่    พอมี bts mrt arl ค่อยดีขึ้นนิดนึง แต่ก็ยังติดกันฉิบหายอยู่ดี ดังนั้นพอคนไปเที่ยวกันหมด กทม โล่งๆ กรูก็รู้สึกแปลกๆเหมือนไม่ไช่ กทม เหมือนกันนะ ถถถถถ,https://www.facebook.com/440402912665055/posts/1859432254095440/
141108613290_10156974262498291,18/10/2018,17:21:13,link,....ดูข่าวสดแม่งเลือกภาพประกอบ ใครพบเห็นคนร้ายก็ช่วยกันแจ้งเบาะแสไปที่พ่อผู้ตายด้วยนะครับ,https://www.khaosod.co.th/monitor-news/news_1705068
141108613290_10156850831993291,1/9/2018,11:54:52,link,การเชื่อมโยงข้อมูลระหว่างหน่วยงาน ตอนนี้ยังไม่สมบูรณ์เลย แต่มีคนเเอาป้ายทะเบียนชาวบ้าน กรอกลงแอปแป๊บเดียว รู้เลยว่าเขาชื่ออะไรบ้านเลขที่อะไร เมพ เมพ เมพ,https://www.thairath.co.th/content/1366454
141108613290_10156753865058291,25/7/2018,17:50:13,link,อันนี้ก็หนึ่งในผลลัพท์จากการ อัดระบบ รึเปล่าวะ,http://www.amarintv.com/news-update/news-10865/232552/
141108613290_10156749450413291,23/7/2018,22:33:53,link,ใครมีเบาะแสแจ้งกองปราบปรามด้วยนาจา,https://www.thairath.co.th/content/1340322
141108613290_10156986181218291,23/10/2018,12:06:44,link,รอดูบ่ายสองเลยครับ สู้ๆๆๆๆ ปล เท่าที่ฟังนักกฏหมายคุยประเด็นนี้ น้องอามแกมีช่องทางต่อสู้นะ,https://www.sanook.com/news/7551142/?utm_echo=echobox&utm_medium=Social&utm_source=Facebook#Echobox=1540259163
141108613290_10156885817783291,14/9/2018,14:44:49,link,โทษนะพี่นะ ขู่แล้วไม่ทำตามนี่ หมาาาาาาาาาาาาาาาาาาาาาาา นะพี่นะ  หมาาาาาาาาาาาาาาาาาาาาาาาาาาาาาาาาาาาาา เลยนะพี่นะ,https://www.smartsme.co.th/content/98597
141108613290_10157124371498291,18/12/2018,11:02:02,link,บัย,https://www.matichon.co.th/region/news_1277814
141108613290_10156913923788291,25/9/2018,9:41:02,link,วันก่อนมีเรื่องเด็กคนนึงแพ้ผลิตภัณฑ์จากนม แต่เพื่อนแกล้งเอาชีสไปโยนใส่จนแพ้รุนแรงและเสียชีวิตที่ รพ ในเวลาต่อมา รายล่าสุดแพ้โปรตีนในงาดำ กินขนมปังเข้าไป มีอาการแพ้รุนแรง จนเสียชีวิต คาดว่าในขนมปังมีส่วนผสมเป็นงาดำ เรื่องแบบนี้ซีเรียสมากนะ ในบ้านเราคนก็ยังไม่ค่อยรู้เรื่องแพ้อาหารกันเยอะ บางคนก็คิดว่าพวกนี้แม่มดัดจริต แล้วเอาอาหารที่เขาแพ้แอบยัดให้กิน บางคนก็บอกถ้าแพ้อาหารก็กินที่แพ้เยอะๆจะได้ชนะ WTF จนเคยเป็นดราม่ากันมาแล้วหลายรอบเลยว่ะ น่าเอาเรื่องนี้รวมถึงการปฐมพยาบาลบรรจุในหลักสูตรได้ละนะกรูว่า,https://www.bbc.com/news/uk-england-london-45617845?ns_source=facebook&ns_mchannel=social&ocid=socialflow_facebook&ns_campaign=bbcnews
141108613290_10156745614868291,22/7/2018,12:27:23,link,Red Skull Airline เตรียมเปิดเพจ V.2 ยังวะมึง,https://www.khaosod.co.th/special-stories/news_1364828
141108613290_10156972177243291,17/10/2018,18:45:44,link,เอาละวา,https://www.springnews.co.th/view/366736?sp
141108613290_10156741469088291,20/7/2018,23:53:08,link,แม่มิ้งให้สัมภาษณ์แล้วว่ะ รอดูฝั่งกัปตันมั่ง,https://www.thairath.co.th/content/1338701
141108613290_10156958390643291,12/10/2018,14:30:58,link,อันนี้กฏหมายยังไม่ผ่านร่างอะไรเลย อยู่ในขั้นคุยกัน น่าจะเป็นพวกทิ้งหมาแมว มันเอามาทิ้งแล้วโบ้ยมั่วซั่วมากกว่า พวกนี้น่ะ ยังไงแม่งก็ทิ้งหมาแมวอยู่ดี ไม่ว่าจะมีขึ้นทะเบียนรึไม่ แต่ถ้ามีขึ้นทะเบียนหมาแมวทั้งหมด อีกหน่อยจะไม่มีเหตุการณ์แบบนี้เกิดขึ้น เพราะถ้ามีใครเอาหมาแมวมาทิ้ง เราก็จะตามเช็คได้ว่าไอ้คนที่เอามาทิ้งคือใคร แล้วดำเนินคดีกับมันได้ เพราะการทิ้งหมาแมวเนี่ยมันก็คือการทารุณกรรมสัตวืตามกฏหมายเหมือนกัน,https://www.catdumb.com/cat-leaving-por-ror-bor-290/
141108613290_10157081962478291,1/12/2018,12:34:53,link,Thief dead by FryPan Winner Winer Chicken dinner.,https://www.khaosod.co.th/breaking-news/news_1897725
141108613290_10156973978368291,18/10/2018,13:46:53,link,เหี้ยยยย ตาบอดกันไปกี่รายแล้ววะ,http://www.amarintv.com/news-update/news-update-thai/news-13277/278351/
141108613290_10156787683638291,7/8/2018,20:54:26,link,มีคณบดีมาเนียนๆกับเด็กแบบนี้เราก็มั่นใจได้ว่าไม่มีว๊ากโหดแน่  ปล ใช้ได้เฉพาะมหาลัยที่มีคณบดีหน้าอ่อนกว่าวัยพอจะไปเนียนๆได้เท่านั้น,http://campus.sanook.com/1391417/
141108613290_10157033159063291,11/11/2018,13:00:55,link,.....ว้อทเดอะ   แต่ล่าสุดที่สอบถามมา เห็นว่าทาง TOA จะร่วมมือกับกรมศิลป์แก้ปัญหานี้เต็มที่ ปัญหาคือ คนที่เอาสีไปทาตามวัดต่างๆ คุณต้องหยุดได้แล้ว แล้วมาคุยกับกรมศิลป์ เพื่อหาทางบูรณะที่ถูกวิธีนะ,https://www.silpa-mag.com/club/news/article_22625?fbclid=IwAR2H9VBfbVrowr-sxpREKYtIiWUfYzc2aV5LpQ1OYGLdOeqqvqCEi2iyT3E
141108613290_10156975841063291,19/10/2018,7:37:47,link,; <> ; )))),https://www.sanook.com/news/7546854/
141108613290_10157113209253291,13/12/2018,20:07:15,link,กระทู้น่าสนใจสำหรับคนที่อาจโตไม่ทันช่วงก่อนที่เมืองไทยจะมีสามสิบบาทรักษาทู้กโรคคคคค,https://pantip.com/topic/36474848
141108613290_10156742755128291,21/7/2018,11:20:25,link,ตามข่าว ตอนครูคนนี้ถูกร้องเรียนให้มีการตั้งกรรมการสอบสี่ปีก่อน ตอนนั้นฝั่งครูเพื่อนๆของครูคนนี้ออกมาปกป้องครู เขาเป็นคนดี จะไปทำเด็กทำไม มีโจมตีเด็กบอกว่าเด็กหน้าตาก็ไม่ได้สวยอะไรใครจะไปอยากลวนลาม แถมตั้งแง่ว่าเด็กจงใจใส่ร้ายเพราะไม่อยากเรียนกับครูคนนี้ใช้มั้ย เหี้ยสุดคือมีการขู่ซ้ำ บอกว่าจะฟ้องหมิ่นประมาททางเด็กที่ร้องเรียน,https://www.bugaboo.tv/watch/394832
141108613290_10157148696308291,27/12/2018,21:59:19,link,เอาละวาาาาาาาาาาาาาาาาาาาาาาาาาาาา,https://www.khaosod.co.th/special-stories/news_2013932
141108613290_10156874660808291,10/9/2018,13:08:10,link,ล่าสุด โค้ชเซเรน่ายอมรับกับสื่อว่า ส่งสัญญาณชี้แนะให้เซเรน่าจริง แต่เซเรน่าไม่ได้มอง แล้วโค้ชก็บอกว่าใครๆเขาก็ทำกันทั้งนั้น อีกฝั่งก็ทำ   อนึ่ง กฏของการแข่งเทนนิสแกรนด์สแลม ห้ามโค้ชสอนหรือบอกแทกติคการเล่นระหว่าการแข่งขันครับ  .....ซวยละเซเรน่า  แต่ตอนนี้ที่ ตปท กำลังดราม่ากันรัวๆ ฝั่งนึงก็เชียร์ฝั่งเซเรน่า บอกว่าเธอถูกเหยียดเพศโดยผู้ตัดสิน ทำถูกแล้ว ผู้ตัดสินแม่งไม่ได้เรื่องทำเอาเกมหมดสนุก บลาๆ อีกฝั่งก็ด่าเซเรน่าว่า ก็โค้ชทำผิดกติกาจริงนี่หว่าทำไมไม่ยอมรับแล้วตั้งหน้าตั้งตาเล่นต่อไปฟะ บลาๆ,http://www.nationtv.tv/main/content/378655139/
141108613290_10157117080828291,15/12/2018,11:13:52,link,พี่ตำรวจคนนี้ ทำงานหนัก พักผ่อนน้อย วันเกิดเหตุ หลังเลิกงาน ขี่มอไซด์กลับบ้าน มาถึงจุดนั้นหน้ามืด เลยจอดมอไซด์นั่งพัก แล้วก็วูบไปเลย พอรู้สึกตัวต่อมาไปหาหมอ พบว่าความดันสูงมาก 200 เลย ก็เลยพักรักษาตัวจนความดันลง  แต่มีคนแอบถ่ายภาพพี่แกตอนวูบหมดสติ มาโพสลงโซเชี่ยล หาว่าแกเมาแล้วหลับขณะปฎิบัติหน้าที่ คนก็ก่นด่าแกกันเยอะเยอะ เพิ่งมารู้ตอนหลังว่ามีคนถ่ายภาพแกตอนวูบไปมาลงโซเชียล,https://www.sanook.com/news/7610546/?utm_echo=echobox&utm_medium=Social&utm_source=Facebook&fbclid=IwAR2zUQOyuwK6ShqoJIXOP4-A7sDJSkPOz2Q6W9lFj22eiHpY3Nz967DBD_g#Echobox=1544840391
141108613290_10156885833178291,14/9/2018,14:53:58,link,มั่ยแคร์ มึงหยุด กรูเตรียมรถเสริมไว้บริการประชาชนแล้ว,https://www.khaosod.co.th/special-stories/news_1569837
141108613290_10156840195553291,28/8/2018,10:34:41,link,ประเทศไทยสูญเสียงบและ GDP กว่าปีละ เจ็ดหมื่นล้าน เพื่อรักษาผู้ป่วยสารพัดโรคที่เป็นผลจากการสูบบุหรี่ครับ,https://workpointnews.com/2018/08/27/%E0%B8%A3%E0%B8%B1%E0%B8%90%E0%B8%9A%E0%B8%B2%E0%B8%A5%E0%B8%97%E0%B8%B8%E0%B9%88%E0%B8%A1%E0%B8%87%E0%B8%9A-4000-%E0%B8%A5%E0%B9%89%E0%B8%B2%E0%B8%99%E0%B8%9A%E0%B8%B2%E0%B8%97-%E0%B8%82%E0%B8%A2/
141108613290_10156958920163291,12/10/2018,19:01:28,link,ก่อนหน้านี้แม่รู้ว่าลูกถูกรังแก แต่ลูกบอกว่าแจ้งครูแล้ว ครูก็ลงโทษคนที่แกล้ง ก็เลยนึกว่าไม่มีอะไรแล้ว ที่ไหนได้,https://www.dailynews.co.th/regional/671018
141108613290_10157052441978291,19/11/2018,16:44:13,link,ขอเชิญนักฟิสิกส์มาให้คอมเม้นท์ ถถถถถถถถถถถถถถถถ Red Skull อัยสัส คลิปสามช่ามึงฮาเหี้ยๆ,https://www.springnews.co.th/social/385382?sp
141108613290_10157064441983291,24/11/2018,16:59:36,link,อ่ะ แยกย้ายๆ,https://www.dailynews.co.th/crime/678955
141108613290_10156812449618291,17/8/2018,14:10:09,link,"""เพื่อศักดิ์ศรี"" มึงหลุดมาจากยุคเซนโกกุหราาาาาาา",https://www.khaosod.co.th/breaking-news/news_1454544
141108613290_10156798118788291,11/8/2018,23:27:46,link,รู้ว่าตอนวิ่งพี่แกเจ็บหนักแน่ แต่นี่คงเป็นครั้งแรกที่เราจะได้เห็นกันว่าพี่ตูนปวดสาหัสขนาดไหนระหว่างวิ่งในโครงการก้าวคนละก้าว เข้าโรงวันไหนววววววววะ Major Group,https://truststoreonline.com/2018/08/n-08-%E0%B9%80%E0%B8%8A%E0%B8%B7%E0%B9%88%E0%B8%AD%E0%B8%9A%E0%B9%89%E0%B8%B2%E0%B8%81%E0%B8%A5%E0%B9%89%E0%B8%B2%E0%B8%81%E0%B9%89%E0%B8%B2%E0%B8%A7/
141108613290_10157145764418291,26/12/2018,16:49:48,link,ว้ายยยยยยยยยยยยยยยยยยย,https://www.khaosod.co.th/monitor-news/news_2006637
141108613290_10157132453113291,21/12/2018,19:35:05,link,เป็นเรื่องของ”คนโสดสองคน”ที่ไม่ได้ทำผิดต่อใคร,https://www.dailynews.co.th/politics/683829
141108613290_10157143643033291,25/12/2018,22:12:36,link,ยอดผู้ป่วยไตวายพุ่งพรวดอย่างมีนัยยะสำคัญ  หลังคนแชร์กันมั่วๆเรื่องแดกหนานเฉาเหว่ยหรือป่าช้าเหงารักษาเบาหวาน,https://www.dailynews.co.th/politics/683010
141108613290_10157006384008291,31/10/2018,18:19:57,link,อ่านแล้วเครียดแทน จนท ในพื้นที่ แต่ผู้นำศาสนาแบบที่ถูกต้องลงพื้นที่ไปช่วยแล้ว หวังว่าจะเอาชนะสงครามวัคซีนนี้ได้นะ,http://www.amarintv.com/news-update/news-13649/284471/
141108613290_10156776755283291,3/8/2018,16:57:21,link,"อย่างไรก็ตาม เฟซบุ๊กธรรมะเพจหนึ่ง แสดงออกว่าไม่เห็นด้วยกับการปลอมตัวของเจ้าหน้าที่ในครั้งนี้ โดยระบุว่า ""ตำรวจไทยไม่เกรงกลัวบาป ทำลักเพศปลอมเป็นพระภิกษุ เพียงเพื่อจะสร้างผลงาน""  สร้างผลงานกำจัดเหลือบไรที่อาศัยผ้าเหลืองค้ายาบ้า ก็ดีแล้วนี่ ไปว่าตำรวจทำไมวะ อีกอย่าง ไม่ใช่ตำรวจปลอมเป็นพระด้วย แต่เป็นพระวินยาธิการหรือพระตำรวจ",https://www.sanook.com/news/7423502/
141108613290_10156889129313291,15/9/2018,23:12:25,photo,ข่าวฝากประชาสัมพันธ์ ใครสะดวกแถวราชบุรีและมีเลือดกรุ๊ปนี้ รบกวนด้วยนะครับ,https://www.facebook.com/THBloodDonors/photos/a.150950991655584/1892475830836416/?type=3
141108613290_10156758891458291,27/7/2018,17:59:26,photo,,https://www.facebook.com/DramaAdd/photos/a.10150643503613291/10156758891328291/?type=3
141108613290_10156886935323291,16/9/2018,11:30:00,photo,"ข่าวฝากประชาสัมพันธ์จาก LINE MOBILE นาจา  …………………………………………………….. งานนี้ไม่มีดราม่า พบปรากฏการณ์สุดอลังการ!  ที่ Digital Billboard ทั่วกรุงเทพฯ กว่า 3,000 จอจะถูกยึดพร้อมกัน เย็นพรุ่งนี้! 5 โมง 55 นาที!!!! เตรียมตัว และ เตรียมมือถือให้พร้อม  ไม่ว่าจะจอบิลบอร์ด ป้ายริมถนน จอหน้าตึก หรือตามสี่แยก รวมถึง live ใน social media ต่างๆ ย้ำอีกที เย็นพรุ่งนี้ 5 โมง 55 นาที... กับ 5 นาที ที่ทุกคนห้ามพลาดดดด    #LINEMOBILETH #รักได้ง่ายๆ #ถูกกว่าแน่นอน",https://www.facebook.com/DramaAdd/photos/a.411063588290/10156886928843291/?type=3
141108613290_10156996433878291,27/10/2018,16:46:51,photo,; {} ; ) เย้ หมอแล็บแพนด้า,https://www.facebook.com/tonmanow.publishing/photos/a.525454870839472/2081302408588036/?type=3
141108613290_10156896913788291,18/9/2018,19:45:48,photo,เพื่อนไอ้เด็กแว๊นซ์ตัวประกอบนั่น บางคนมันออกมาให้สัมภาษณ์สื่อกับโพสลงเพจต่างๆ แก้ต่างให้เพื่อนมันที่ตาย บอกว่าอย่าไปฟังในโซเชียลให้มาก พวกนั้นฟังความข้างเดียว บางคนก็มาโพสลงเฟซพยายามโจมตีคู่กรณีที่โดนเพื่อนมันชนตาย บอกว่าอีกฝั่งก็ยกล้อ อีกฝั่งขับสวนเลนมา บลาๆ  ขอบคุณกล้องวงจรปิด ที่ช่วยให้ความเป็นธรรมกับผู้ตาย (ที่ไม่ใช่ตัวประกอบ) จากไอ้เหี้ยพวกนี้ ทางครอบครัวของน้องคนที่เสียชีวิต จะดำเนินการกับพวกนี้มั้ย เห็นใจทางครอบครัวผู้ตายมาก โดนแม่งชนเสียชีวิตแท้ๆ ยังโดนป้ายสีแบบนี้อีก สารเลวสิ้นดีไอ้พวกเหี้ยนี่ ปรกติไม่ค่อยอยากใช้คำว่าตลาดล่างเพราะมันค่อนข้างเหยียด แต่ไอ้พวกเหี้ยนี่แม่งโคตรตลาดล่างเลยสัส,https://www.facebook.com/DramaAdd/photos/a.411063588290/10156896907163291/?type=3
141108613290_10157023560318291,7/11/2018,15:38:36,photo,เรื่องน้องคนที่อยู่ในคลิปนั้น แล้วมีคนสังเกตแสงสะท้อนผิดปรกติที่จอประสาทตาขวา ตอนนี้พ่อแม่เด็กรับทราบเรื่องแล้ว เด๋วคงพาน้องไปหาหมอให้ตรวจหาสาเหตุกัน  แต่เนื่องจากมีคนไปแซวมุขน้องเขาในคลิปเยอะไปหน่อย เพื่อความสบายใจของทุกฝ่าย เลยขอลบโพสนั้นมาอธิบายเรื่องอาการนี้เพียวๆแทนนะคนับ  ปรกติเวลาเราถ่ายรูป ถ่ายคลิป อาจจะมีแสงสะท้อนจากจอประสาทตาได้ ไอ้ฟังค์ชั่นลบตาแดงของกล้องก็เพื่อลบแสงสะท้อนแบบนี้เวลาถ่ายรูปนี่ล่ะครับ แต่หากสังเกตว่า แสงสะท้อนจากสองตา มันไม่เท่ากัน  อันนี้ต้องระวัง เพราะการที่แสงสะท้อนสองข้างไม่เท่ากัน อาจเป็นอาการของโรคบางอย่าง ที่น่ากลัวที่สุดคือ มะเร็งจอประสาทตา retinoblastoma ซึ่งเป็นโรคร้ายแรงที่มักพบในเด็ก และลุกลามรุนแรงรวดเร็วมาก   ความน่ากลัวของโรคนี้คือ ตรวจเจอได้ยาก กว่าจะรู้ว่าเป็นก็หนักละ รายที่เราตรวจเจอแต่เนิ่นๆ มักเกิดจากความบังเอิญ คือพ่อแม่ถ่ายรูปลูก แล้วเห็นแสงสะท้อนผิดปรกติเลยไปปรึกษาหมอจนตรวจเจอกันแต่เนิ่นๆ   ซึ่งหมอตา หมอเด็ก เขาก็พยายามแก้ปัญหานี้ จนมีหมอชาวต่างชาติ พัฒนาแอปขึ้นมา ให้พ่อแม่เอาไปทดลองใช้กันเพื่อตรวจตาลูกเบื้องต้นว่ามีแสงสะท้อนผิดปรกติแบบนั้นรึเปล่า ใครที่ใช้ไอโฟนอยู่ ลองไปโหลดมาส่องลูกกันได้นะครับ  https://itunes.apple.com/us/app/md-eyecare/id706095201?mt=8&fbclid=IwAR0tn2ymwtYZaDtjmbpxuHNCP7Q7mdVhOAJHrbHKm0mGEeRxOzzKS1w0s1g,https://www.facebook.com/DramaAdd/photos/a.411063588290/10157023555308291/?type=3
141108613290_10156969338623291,16/10/2018,14:21:13,photo,หนังสือกระปี๋เกิร์ลของหมอแลป พรุ่งนี้หาซื้อได้ที่งานหนังสือแห่งชาติ และตามร้านหนังสือทั่วไปนาจา เล่มนี้เกี่ยวกับโรคจิ๋ม และโรคในสตรีล้วนๆ เด็กอ่านได้ผู้ใหญ่อ่านดี ใครกำลังคิดหนักว่าจะสอนเพศศึกษาลููกหลานยังไงดี ลองซื้อไปอ่านกันดูวววววววววววววววว,https://www.facebook.com/tonmanow.publishing/photos/a.525454870839472/2063034023748208/?type=3
141108613290_10156782072678291,5/8/2018,19:50:54,photo,ปีนี้ไข้เลือดออกแม่งมาแรง ตอนนี้คนป่วยทั่วประเทศราวๆสี่หมื่น คนเสียชีวิตไปสี่สิบกว่าคนละ พ่อแม่พี่น้องระวังตัวกันด้วย ส่วนผญ ในภาพนี้เขาป่วยเป็นไข้เลือดออกรักษาอยู่ที่ภูเก็ต ต้องการเลือดด่วน ใครสะดวกบริจาคเลือดให้เขาแถวนั้นรบกวนด้วยครับ,https://www.facebook.com/THBloodDonors/photos/a.150950991655584/1834637739953559/?type=3
141108613290_10157120772638291,16/12/2018,23:01:35,photo,,https://www.facebook.com/PPTVHD36/photos/a.620420501309066/2684238508260578/?type=3
141108613290_10156794451328291,10/8/2018,11:35:41,photo,รีรันโพสนี้ ไม่ต้องส่งมาแล้วเน้อ แล้วก็ถ้าเห็นคลิปไม่ต้องแชร์ด้วย เด็กปลอดภัยแล้วจ้าาาาาา คนทำโดนจับไปนานแล้ว,https://www.facebook.com/SureAndShare/photos/a.309954006035180/655001454863765/?type=3
141108613290_10157095611258291,6/12/2018,19:47:08,photo,งานใหญ่นะเนี่ย ทัวร์นาเม้นท์แข่ง OW โดยผู้เข้าแข่งขันเป็นมหาลัยจากทั่วประเทศ  ตอนนี้มีจุฬา เกษตร มธ ม.กรุงเทพ รังสิต สถาบันเทคโนโลยีไทย-ญี่ปุ่น พระจอมเกล้าธนบุรี  พระจอมเกล้าลาดกระบัง พระจอมเกล้าพระนครเหนือ มข. มช. ม.บูรพา ที่เข้าร่วมแข่งขัน ยังเปิดรับสมัครถึงวันที่ 14  มหาลัยไหนอยากเข้าชิงชัยเป็นอันดับหนึ่งของบุรุนแลนด์สมัครตอนนี้ยังทันน๊ะ!!!,https://www.facebook.com/UTourTH/photos/a.312078486070849/316925005586197/?type=3
141108613290_10157043130603291,15/11/2018,21:31:07,photo,อกไม่ฟู รูไม่ฟิด ชีวิตก็อาจไม่เหลือ ถ้าหลงเชื่อพวกแม่ค้าขายยาคุมอกฟูรูฟิตในเน็ทนะแจ๊ะ,https://www.facebook.com/kapoomanclub/photos/a.438477310011596/459590147900312/?type=3
141108613290_10156906569473291,22/9/2018,9:56:00,photo,; )   #HOMESTAY,https://www.facebook.com/DramaAdd/photos/a.10150643503613291/10156906569298291/?type=3
141108613290_10156751939933291,24/7/2018,22:50:27,photo,แอร๋ยยยยย น่าร้ากกกกก,https://www.facebook.com/sisideaclub/photos/a.154223131298788/1743535429034209/?type=3
141108613290_10156961339333291,13/10/2018,18:36:13,photo,ภาพจากวันนี้ที่ศิริราช ภาพถ่ายประชาชน ที่ยกมือถือเพื่อถ่ายภาพในหลวงทั้งสามภาพที่โถงกลางศิริราช ประชาชนที่เดินผ่านก็พากันถ่ายรูปพระองค์ท่านด้วยรอยยิ้ม,https://www.facebook.com/DramaAdd/photos/a.411063588290/10156961337533291/?type=3
141108613290_10157057419573291,21/11/2018,23:00:48,photo,อูยแซ่บสัส องค์ประกอบทุกอย่างแม่งโคตรดราม่าเลย ปล ใครแม่งเป็นต้นคิดคลิปเอาตะเกียบมากินพิซซ่าด้วยวิธีนั้นวะ ถถถถถถถถถถ,https://www.facebook.com/qrunwaybomb/photos/a.2240146812935002/2240217462927937/?type=3
141108613290_10157087480378291,3/12/2018,12:09:38,photo,แหม่ มีเล่นมุข อันนี้เพจชุดปฏิบัติการพิเศษเหยี่ยวดง ที่รับเรื่องร้องเรียนเวลาเจอคนเลี้ยงหรือค้าสัตว์ป่าคุ้มครอง เขาได้รับแจ้งเรื่องสาวเลี้ยงนากคนนั้นละ กำลังดำเนินการนะคนับ,https://www.facebook.com/DNP.WILDHAWK/photos/a.319522385149277/596378587463654/?type=3
141108613290_10156812721883291,17/8/2018,17:24:46,photo,เตือนกันอีกรอบ ช่วงนี้คนกำลังสนใจโรคนี้จากข่าวพี่อ๊อฟแก ถ้ามีอาการที่สงสัยเส้นเลือดในสมอง อาการที่ว่า หลักๆสังเกตไม่ยาก ปากเบี้ยวหน้าเบี้ยว พูดไม่ชัด แขนขาอ่อนแรง หรือดูซึมๆไม่รู้สึกตัว เดินเซ เป็นอาการของเส้นเลือดในสมองตีบ ส่วนกรณีเส้นเลือดในสมองแตก มักมีอาการปวดหัวรุนแรง อ้วกพุ่ง ซึมลงหรือไม่รู้สึกตัว ถ้ามีอาการที่ว่า ไม่ต้องไปทำตามที่แม่งแชร์กันมั่วๆว่าให้เอาเข็มเจาะปลายนิ้วนะ  ไอ้สัส คนแชร์อันนั้นไปเกือบสามแสนละ จะทำคนตายอีกกี่คนวะ ถ้าทำตามนั้นไม่พิการก็ตายแน่นอน เพราะโรคนี้ ไม่ว่าจะตีบหรือแตก มันต้องแข่งกับเวลามาก ยิ่งถึงมือหมอไวก็ยิ่งดี จะได้ทำให้เลือดกลับไปเลี้ยงสมองได้ทันก่อนที่สมองส่วนนั้นจะตายถาวร  ส่วนการปฐมพยาบาลก่อนรถพยาบาลมาถึง ไม่ต้องทำไร ไม่ต้องให้กินอะไรเลย ประคองนั่งหรือนอนให้หัวสูงๆ ถ้ามีชักเกร็ง ไม่ต้องเอาอะไรงัดปาก ให้จับหัวตะแคงป้องกันการสำลัก ที่เหลือเป็นหน้าที่ของ จนท คนับ  ไม่ต้องกังวลเรื่องค่าใช้จ่ายนะ บัตรทอง หรือ ปกส ใช้ได้หมด,https://www.facebook.com/DramaAdd/photos/a.411063588290/10156812711473291/?type=3
141108613290_10157109691343291,12/12/2018,10:07:03,photo,....กำ คนไทยเสียชีวิตจากเหตุกราดยิงที่ฝรั่งเศสหนึ่งคน ขอแสดงความเสียใจกับครอบครัวผู้เสียชีวิตครับ,https://www.facebook.com/amthaipaper/photos/a.628322723873409/2074939779211689/?type=3
141108613290_10156966874633291,15/10/2018,14:29:21,photo,วันหยุดว่างๆ ชวนเล่นเกมแจ่มๆกัน เกมนี้ไอ้แอดมินเพจเกมถูกบอกด้วยนี่ล่ะ ชวนจ่าเล่น บอกว่าเกมดีฉิบหายเลยนะเออว์ ราคาถูกสัสๆด้วย .......ไอ้สัส เกมแม่งสนุกจนหยุดไม่อยู่จริงๆ แต่ถ้าจะให้เก่งต้องซื้อ starter kit หน่อยนึงนะถึงจะเล่นเพลินสุด,https://www.facebook.com/sheapgamer/photos/a.194547844659883/314683349312998/?type=3
141108613290_10156915491848291,25/9/2018,23:19:30,photo,ปรบมือให้ศูนย์พิษรามา who ยกให้เป็นศูนย์ที่ร่วมมือกับ who ดูแลคนไข้ด้านพิษวิทยาทั่วโลก  วีรกรรมที่ส่งผลต่อการแต่งตั้งในวันนี้ มาจากหลายๆเรื่องแต่เด่นสุดต้องช่วงมกราที่ผ่านมาที่ประเทศในจีเรีย มีคนได้รับสารพิษจากเชื้อโบทูลินั่ม ซึ่งต้องใช้ยาต้านพิษรักษาไม่งั้นตายแน่  แต่ไม่ว่าหมอที่รักษาจะติดต่อไปที่ศูนย์ไหน ประเทศใด ก็ไม่มียาต้านพิษตัวนี้เลย เพราะเขาเลิกผลิตกันเป็นชาติแล้ว   ยกเว้นเมืองไทย วะฮ่าๆๆๆๆ เพราะเรามีเคสนี้ทุกปี ถ้าไม่คุ้นว่าเคสไหน ก็นั่นไง ออกข่าวลง นสพ ทุกปี พวกกินหน่อไม้ปี๊บไม่ได้มาตรฐานแล้วตายน่ะ นั่นล่ะ เกิดจากเชื้อตัวนี้ บางปีมีคนโดนไปรวดเดียวสี่สิบคนเลย เราจึงต้องเตรียมยาไว้ให้พอรักษาคนไข้  ทำให้เราเป็นประเทศสุดท้ายที่มียานี้เหลือเลยส่งยาไปช่วยคนไข้ที่ไนจีเรียจนรอดตาย (หรืออาจจะยังมีประเทศอื่นที่ยังมียาตัวนี้เหลือก็ไม่ทราบแต่เราเป็นประเทศเดียวที่ตอบคำร้องขอความช่วยเหลือจากไนจีเรียไป) และนอกจากยาที่ว่า ไทยเรายังเป็นประเทศที่คนไข้โดนพิษสารพัดกันเยอะฉิบหาย ตั้งแต่เห็ดพิษ สัตว์มีพิษ สารเคมีต่างๆ เคสแปลกๆก็เยอะ ก็ศูนย์พิษรามานี่แหละที่คอยให้ข้อมูลแพทย์ในพื้นที่เพื่อรักษาคนไข้เหล่านั้น เอาเป็นว่า เรามีของดีให้ภูมิใจเพิ่มอีกอย่างละจย้าา,https://www.facebook.com/ramathibodi/photos/a.272277917633/10155914965437634/?type=3
141108613290_10156825737238291,22/8/2018,18:03:33,photo,ทำเป็นหนังทีเหอะกุขอร้อง Blizzard  ปล ทำไมดีวาหล่อจังวะ ปล2 ได้อิทธิพลจาก eva มาเยอะน่าดู,https://www.facebook.com/DramaAdd/photos/a.411063588290/10156825733188291/?type=3
141108613290_10156916886803291,26/9/2018,13:24:44,photo,ლ(ಠ_ಠლ) ไอ้เพจปลอมนี่แหม่งหนักข้อขึ้นทุกวัน ล่าสุดเอาภาพพยาบาลที่ไม่รู้อิโหน่อิเหน่  มาทำข่าวปลอม บอกว่าเป็นพยาบาลในข่าวนั้น แล้วคนก็หลงเชื่อแชร์ประณามกันใหญ่ พ่อแม่พี่น้องเจอที่ไหน ช่วยกันรีพอรทข่าวปลอมด้วย อย่าไปแชร์เน้ออออ,https://www.facebook.com/DramaAdd/photos/a.411063588290/10156916886303291/?type=3
141108613290_10156880173628291,12/9/2018,13:22:59,photo,ขอแสดงความยินดีกับเด็กไทย ที่เราๆกำลังจะได้ฉีดวัคซีนป้องกันเยื่อหุ้มสมองอักเสบกันแบบฟรีๆแล้วครับ หลังจากเขาให้ฉีดฟรีกันทั่วโลกมาหลายปีแล้ว ยกเว้นไทย ที่ก่อนหน้านี้เป็นหนึ่งในวัคซีนที่ต้องไปหาฉีดกันเอาเองจาก รพ เอกชน ; _ ; ))),https://www.facebook.com/Infectious1234/photos/a.133077153789653/557506794680018/?type=3
141108613290_10156827522988291,23/8/2018,10:22:38,photo,ช่วงนี้ระบาดกันฉิบหาย พ่อแม่พี่น้องระวังไว้ ถ้าไข้เกินสามวันแล้วยังไม่หาย ไปหาหมอตรวจเลือดโลด ยาลดไข้กินแต่พาราพอนะ,https://www.facebook.com/thaimedcouncil/photos/a.1532175813713985/2096291573969070/?type=3
141108613290_10156812655183291,17/8/2018,16:35:27,photo,ขอบคุณ จนท ตำรวจที่ตามหาแว่นอันนี้จนเจอคร้าบบบบ,https://www.facebook.com/Infectious1234/photos/a.133077153789653/540981666332531/?type=3
141108613290_10157099946348291,8/12/2018,12:12:04,photo,ขอบคุณความรู้เรื่องเครื่องสำอางผสมหนังหุ้มปลายจากหมอสาลิกาคนับ ไอ้พวกที่กล้าซื้อไปใช้นี่มันยังไงกันวะ,https://www.facebook.com/sarikahappymen/photos/a.242560965927696/971703013013484/?type=3
141108613290_10156779588668291,4/8/2018,21:01:43,photo,จนท ดอยคำส่งมาอวด .....เด่วนี้เอาดอกไม้กินได้มาขายด้วยเร้อ เหยดดดด,https://www.facebook.com/DramaAdd/photos/a.10151331013638291/10156779588638291/?type=3
141108613290_10156749319868291,23/7/2018,21:42:30,photo,ทางออกมีมากกว่าจับแต่งงานกัน หรือให้ไปทำแท้ง  ประเด็นข่าวเจ้าบ่าวเจ้าสาวไรนั่น สื่อหลายๆช่องก็เอามาดราม่ากันสนุกสนาน โอเค มันก็สนุกจริงล่ะดูแม่งวอร์กัน ถถถถถถ แต่เรามีประเด็นที่เรียนรู้จากเรื่องนี้ได้นั่นคือ  สังคมไทยเรามักมีค่านิยมว่า เมื่อชายหญิงได้เสียกัน แล้วเกิดพลาด ท้องป่องขึ้นมา ก็จะจับแต่งงานกันไม่ให้ขายขี้หน้า ซึ่งก็อย่างที่เห็นกันว่า วิธีการนี้มันไม่ได้แก้ปัญหาทั้งหมด ในหลายๆกรณี มันทำให้ปัญหายิ่งบานปลายหนักกว่าเดิมด้วยซ้ำ   บางคนก็เลือกที่จะแก้ปัญหาด้วยการทำแท้ง ซึ่งมันก็ไม่ได้แก้ได้สำหรับหลายๆรายอีกนั่นล่ะ บางคนซวยหน่อยไปเจอพวกคลินิคทำแท้งเถื่อน ทำแท้งติดเชื้อ ถึงตายหรือต้องตัดอวัยวะทิ้งก็มีให้เห็นเรื่อยๆ  ถ้างั้นควรทำยังไง   ให้ลองโทรปรึกษาหน่วยงานที่เกี่ยวข้องว่ะ อย่าเก็บปัญหาไว้คนเดียว เรามีทั้งสายด่วนสุขภาพจิต และสายด่วนท้องไม่พร้อมไว้ให้คำแนะนำในกรณีเหล่านี้ ไม่จำเป็นว่าต้องเป็นท้องในวัยเรียนเท่านั้น ถ้าท้องไม่พร้อม ไม่ว่าจะไม่พร้อมด้านวัย ฐานะ หน้าที่การงาน ก็โทรไปคุยกันได้ จะมี จนท เขาให้คำแนะนำเพื่อหาทางออกร่วมกันที่ดีกับทั้งแม่และเด็ก,https://www.facebook.com/DramaAdd/photos/a.10151331013638291/10156749319803291/?type=3
141108613290_10156981192643291,21/10/2018,11:43:34,photo,เสี่ยแนน กับ หมอแล็บแพนด้า ตัวเป็นๆคนับ,https://www.facebook.com/DramaAdd/photos/a.10151331013638291/10156981191858291/?type=3
141108613290_10157137529713291,23/12/2018,19:02:00,photo,หยุดยาวนี้ว่างๆแนะนำดูเรื่องนี้กันว่ะ พล๊อตแม่งคล้ายๆ quiet place ผสม The happening ดี เป็นเรื่องของโลกที่ล่มสลาย เพราะโดนตัวอะไรก็ไม่รู้มาคุกคาม มันเป็นตัวอะไรซักอย่างที่ทำให้คนที่เห็นมัน เห็นภาพสิ่งที่หวาดกลัวที่สุดในชีวิตแล้วฆ่าตัวตายไปเอง คนเห็นสิ่งนั้นกันทั่วโลกจนโลกล่มสลาย ส่วนนางเอก รับบทโดย ซานดร้า บูลล็อก ต้องพาลูกของเธอหลบหนีเอาชีวิตรอดจากไอ้สิ่งนั้น หลบด้วยวิธีไหน ก็ปิดตาหนีกันสุดชีวิต ใครสนใจลองไปดูในเน็ทฟลิกซ์กันโลด,https://www.facebook.com/DramaAdd/photos/a.411063588290/10157137529458291/?type=3
141108613290_10157134715748291,22/12/2018,18:01:59,photo,สัส เกมที่จ้องๆไว้ก็ลดราคา อนิเมที่จ้องๆจะดูก็เข้ามาพร้อมกันเลย สงสัยคืนนี้ไม่ได้หลับไม่ได้นอนแล้วสาสสสสสสส   ปล คืนนี้กริดแมนอวสานอี๊กกกกกกกกกก,https://www.facebook.com/DramaAdd/photos/a.10151331013638291/10157134714283291/?type=3
141108613290_10156812017388291,17/8/2018,10:19:10,photo,ขอบคุณข้อมูลจากเพจเภสัชกรอุทัยเรื่องสารเคมีในตัวใบอังกาบหนูที่สื่อแม่งประโคมข่าวกันเหลือเกินว่ารักษามะเร็งได้ ว่าข้างในมีสารอะไรมั่งและมีงานวิจัยรองรับมั้ย สรุป มี แต่วิจัยว่ารักษามะเร็งไม่ได้ จบข่าว  วันนี้สื่อบางเจ้าแม่งก็เอาที่ชาวบ้านยืนยันว่าทดลองมาแล้ว หายจริงๆนะ มานำเสนอต่อ พออ่านรายละเอียดดีๆ อ่อ คนไข้ไปรักษาเคมีบำบัดด้วย แล้วเอาไอ้ใบนี่มากิน พอได้เคมีบำบัดครบไปตรวจ ไม่เจอมะเร็ง เย้ๆ ใบอังกาบหนูเทพสัสๆ  ไม่คิดว่าเป็นเพราะเคมีบำบัดมั่งเลยเรอะเพ่  ปล ไม่ใช่อาจารย์หมอนะคนับ เป็น gp ธรรมด๊าธรรมดา,https://www.facebook.com/216848761792023/photos/a.295354893941409/1386046988205522/?type=3
141108613290_10156751728968291,24/7/2018,21:07:16,photo,เห็นภาพชัดดีว่าน้ำห้าพันล้านตันมันปริมาณขนาดไหน น่ากลัวฉิบหาย,https://www.facebook.com/WorkpointNews/photos/a.153956988306921/702695786766369/?type=3
141108613290_10156880054328291,12/9/2018,11:57:09,photo,"=""= ) เลวสัส อันนี้คือเคสน้องเอเดน เด็กน้อยที่ป่วยเป็นโรคภูมิคุ้มกันบกพร่องแต่กำเนิด ที่แม่เขามาขอความช่วยเหลือวันก่อน ล่าสุด มีมิจฉาชีพ ขโมยเรื่องของน้องเอเดทไปโพสลงเฟซ แอบอ้างขอเงินเรี่ยไรไปเป็นค่ารักษาน้อง (ซึ่งน้องเขาได้ค่ารักษาครบไปนานแล้ว แม่น้องเขาปิดรับบริจาคนานมากแล้ว) แล้วไอ้มิจฉาชีพก็เปลี่ยนเลขที่บัญชี เป็นของตัวเอง   ซึ่งมันไม่ได้ทำงี้เป็นหนแรก แม่งแอบอ้างขอบริจาคมั่วซั่วไปเรื่อยเลย คุณแม่เขาไปเช็คเจอข้อมูลว่าแม่งเที่ยวไปขอเรี่ยไรหาเงินไถ่ชีวิตโคกระบือไรงี้ เลขที่บัญชีอันเดียวกันเลย  คนก็หลงเชื่อโอนเงินให้ไอ้โจรคนนี้ ตอนนี้มีคนแจ้งเรื่องให้แม่น้องเอเดนเขาทราบเรื่องแล้ว และกำลังไปแจ้งความดำเนินคดี ใครพบเห็นอย่าหลงเชื่อ และช่วยกันแจ้งเบาะแสที่คุณแม่ของน้องเขาด้วย  อันนี้เฟซคุณแม่นะ @Mo'Chitlada Ekprasertkul",https://www.facebook.com/DramaAdd/photos/a.411063588290/10156880051783291/?type=3
141108613290_10157074619493291,28/11/2018,19:24:25,photo,อย่าว่าแต่ชาวบ้านชาวช่องคนธรรมดา ตกเป็นเหยื่อไอ้เว็บข่าวปลอมพวกนี้เลยครับ ตำรวจก็โดน LoL ไอ้เพจนี้ถ้าจำไม่ผิดแอดมินมันอยู่กัมพูชามั้ง เห็นตำรวจเคยไปจับแอดมินมันมาได้คนนึง แต่คนอื่นยังเหลือแล้วแตกหน่อไปเรื่อยๆ,https://www.facebook.com/SocialMediaRoyalThaiPolice/photos/a.1893400800949226/2325558714400097/?type=3
141108613290_10157074766433291,28/11/2018,20:40:32,photo,ข่าวเตือนจากกองปราบปราม รีบๆส่งให้พ่อแม่อากงอาม่าที่ชอบเล่นไลน์ดูเร้ววววววววววววววววว,https://www.facebook.com/csdthai/photos/a.258496287974021/480476965775951/?type=3
141108613290_10157090630353291,4/12/2018,18:28:07,photo,เส้นทางสู่อิสระภาพทางการเงิน ถถถถถถถถถถถถ,https://www.facebook.com/1671795453055909/photos/a.1671815113053943/2292886560946792/?type=3
141108613290_10156848702028291,31/8/2018,19:15:42,photo,เข้ารอบชิงละครับ ปีนี้ต้องเหรียญทองเท่านั้นละคนับบบ,https://www.facebook.com/DramaAdd/photos/a.10151331013638291/10156848701978291/?type=3
141108613290_10156984687778291,22/10/2018,21:46:38,photo,พรุ่งนี้ใครอยู่บ้านวันหยุด ว่างๆ แนะนำให้ดูหนังพี่ตูน รับรอง ดูจบน้ำตาไหลเป็นเผาเต่าแน่นอน มีฉายหลายช่องวนไปตามนี้จ้า,https://www.facebook.com/kaokonlakao/photos/a.1256782371078271/2035430039880163/?type=3
141108613290_10156868920833291,8/9/2018,10:54:14,photo,กรูตามซินแสไปซื้อมาหลายใบ ถถถถถถถถถถถ,https://www.facebook.com/170030746939330/photos/a.172397596702645/282484705693933/?type=3
141108613290_10156992042998291,25/10/2018,22:37:14,photo,ต่อจากเภสัชกรยิปซี นี่เป็นคนไทยอีกคนที่บิลเกตต์ให้การยกย่องไปทั่วโลก หลายๆคนอาจไม่คุ้นหน้า แต่ถ้าเอ่ยชื่อ ร้องอ๋อทุกคนแน่ ถถถถถถ คุณมีชัย วีระไวทยะ ผู้บุกเบิกการรณรงค์ให้ความรู้เรื่องการคุมกำเนิดในบ้านเรา จนยุคนึงพอเอ่ยถึงถุงยาง ทุกคนจะเรียก ถุงยางมีชัย เป็นผลจากการรณรงค์ขอคุณมีชัยคนนี้ ขอสรรเสริญคุณงามความดีของท่านที่ช่วยปกป้องคนไทยจำนวนมากจากการติดเชื้อโรคติดต่อทางเพศสัมพันธ์ และการท้องไม่พร้อม  All hail the condom king!!  เดบิท https://www.linkedin.com/pulse/all-hail-condom-king-bill-gates/,https://www.facebook.com/DramaAdd/photos/a.10151331013638291/10156992036053291/?type=3
141108613290_10156958625063291,12/10/2018,16:39:36,photo,โดยปรกติแล้ว ยาชาแบบฉีดเฉพาะที่ เป็นยาที่มีความปลอดภัยสูง ก็ปลอดภัยกว่าพวกดมยาสลบไรงี้เยอะมาก ใช้ฉีดให้ชาเพื่อเย็บแผล เพื่อทำหัตถการต่างๆ  แต่ ขึ้นชื่อว่า ยา ทุกอย่างมีโอกาสเกิดผลข้างเคียงหมด ยาชานี่ก็เช่นกัน ปรกติใครที่โดนพยาบาลเย็บแผลบ่อยๆ ถ้ากล้าดูตอนพยาบาลฉีดยาชาก่อนเย็บแผล จะเห็นว่า พอพยาบาลแทงเข็มยาชาเข้าไปในตัวเรา เขาจะไม่ดันยาชาเข้าไปทันที แต่เขาจะดึงไซริงค์ถอยหลังนิดนึงก่อน  อันนั้นคือการเช็คว่า ที่แทงเข็มเข้าไป มันเข้าเส้นเลือดมั้ย เพราะถ้าฉีดเข้าไปในเส้นเลือด ทีนี้ล่ะ วุ่นเลย  เพราะมันมีโอกาสที่จะเกิดภาวะยาชาเป็นพิษได้ ซึ่ง ภาวะยาชาเป็นพิษ จะทำให้มีอาการสั่น กระตุก ชักเกร็ง ตามด้ัวย หมดสติ หยุดหายใจ ดังนั้นการใช้ยาชา ต้องใช้ด้วยความระวังเสมอ  อันนี้เคยเจอกับตัวเลย ตอนนั้นกรูเข้าเวรอยู่ น่าจะหกโมงเช้า พยาบาลก็ตามให้ไปดูคนไข้ด่วน คนไข้ก็ไปทำแผลกรีดหนองที่คลินิคใกล้ๆ เขาก็ฉีดยาชาก่อนทำแผลตามปรกติ ฉีดไปแป้บๆ คนไข้หมดสติหยุดหายใจไปเลย มาถึง รพ ก็ CPR กัน ดีที่เคสนี้รอด CPR ไปซักพักตอบสนอง ตื่นมาคุยกันตาแป๊ววววเลย,https://www.facebook.com/DramaAdd/photos/a.411063588290/10156958615923291/?type=3
141108613290_10156836335868291,26/8/2018,22:53:40,photo,สำหรับคนที่มีความเสี่ยงจะเป็นโรคเส้นเลือดในสมองแตก หรือมีญาติเสี่ยง เช่น เป็นเบาหวาน ความดัน ไขมันในเลือดสูง อ้วน สูบบุหรี่จัด ไม่ควรพลาดแอปนี้ว่ะ เป็นแอป fast track หรือช่องทางด่วนสำหรับโรคนี้โดยเฉพาะ   ในแอป นอกจากจะมีฟังคชั่น กดเรียกรถพยาบาลมารับผู้ป่วยแล้ว ยังมีความรู้เกี่ยวกับโรคนี้ วิธีปฐมพยาบาล ลิสท์รายชื่อโรงพยาบาลที่สามารถรักษาได้ โดยลงรายละเอียดแบบละเอียดยิบมาก ตั้งแต่ รพ นี้ให้ยาสลายลิ่มเลือดได้มั้ย รพ นี้มีหมอระบบประสาทมั้ย รพ นี้ผ่ารักษาคนไข้ได้รึเปล่า แถมมีลงแผนที่เดินทางไป รพ ครบสุดๆ   ขอบคุรทาง ม ขอนแก่นที่พัฒนาแอปแจ่มๆแบบนี้ ขอบอกต่อให้พ่อแม่พี่น้องไปโหลดมาใช้กันเยอะๆ เป็นแอปที่ควรมีในมือถือทุกเครื่องว่ะครับ,https://www.facebook.com/DramaAdd/photos/a.10151331013638291/10156836335798291/?type=3
141108613290_10156890946978291,16/9/2018,16:20:00,photo,ตื่นตัวแต่ไม่แตกตื่นนะคนับ มังคุดไม่เข้าไทย แต่ดูคลิปที่เข้า ตปท แล้วสยองสาส โคตรแรง,https://www.facebook.com/PhuketSOS/photos/a.419130768098060/2150242278320225/?type=3
141108613290_10157148079538291,27/12/2018,14:48:24,photo,ช่วงนี้มันมีเอเจนซี่แปลกๆ ชวนคนไปทำบอลลูนลดความอ้วน ก็ตามภาพนะ คือใส่บอลลูนลงไปในกระเพาะเพื่อลดพื้นที่ในนั้นให้แดกข้าวลดลงจะได้ลดความอ้วน ซึ่งอันนี้มีโอกาสเกิดผลข้างเคียงได้ เช่นกระเพาะอักเสบ กระเพาะทะลุ ในบางราย (แต่ไม่เยอะมาก) ดังนั้นปรกติ หมอที่ทำอันนี้เขาจะคัดเคสที่ทำว่าต้องมีข้อบงชี้และจำเป็นจริงๆ เช่น อ้วนมาก bmi สูงปรี๊ดเข้าเกณฑ์ ไม่สามารถคุมอาหารได้ บลาๆ ไรเทือกนั้น ไปดูตามเว็บ รพ ต่างๆที่รับทำได้ เขาจะมีเขียนข้อบ่งชี้ ผลข้างเคียงที่อาจเกิดขึ้นไว้หมดละ  แต่เอเจนซี่แปลกๆที่จ่าเอ่ยถึง มันไปเชิญชวนพวกคนที่ไม่ได้อ้วนอะไรมากมาย เช่น หนักหกสิบโล ไรงี้มาใส่บอลลูนเพื่อลดให้ถึงสี่สิบโล บลาๆ   R u fukking kidding me? ถ้าน้ำหนักแค่นั้นทำไมไม่ออกกำลังกายคุมอาหารกันก่อนว๊ะ จะรีบไปใส่บอลลูนกันทำไม ไอ้เรื่องพวกนี้ก่อนจะไปลงทุนจ่ายเงินให้เอเจนซี่แพงๆ แนะนำให้ลองไปปรึกษาหมอเรื่องลดความอ้วน ปรึกษาเทรนเนอรเรื่องการออกกำลังกายกันก่อนเห้อออออ,https://www.facebook.com/DramaAdd/photos/a.10151331013638291/10157148071643291/?type=3
141108613290_10156976450423291,19/10/2018,15:00:53,photo,ทางบริษัทยาฝากแจ้งมา บอกว่า ยาตัวนี้ยี่ห้อนี้ จะนำเข้ามาในไทยอย่างเป็นทางการ ปีหน้า ตอนนี้ไอ้ที่ขายๆกันคือลักลอบนำเข้ามาจำหน่ายทั้งหมด ไม่ได้จำหน่ายโดยบริษัทยาหรือคนที่มีความรู้เรื่องการใช้ยา แล้วก็ ไอ้ยาตัวนี้ มันแค่ลดความอยากอาหาร ใช้ได้แค่ในบางราย ต้องระวังผลข้างเคียงด้วย ไม่ใช่ฉีดเข้าไปแล้วทำลายไขมันทั่วร่างไอ้สัส มึงเอาสรรพคุณโม้เหม็นแบบนี้มาจากไหน,https://www.facebook.com/DramaAdd/photos/a.411063588290/10156976448873291/?type=3
141108613290_10157117810793291,15/12/2018,19:19:36,photo,.....เกมแม่งเรียลสัส กรูสอยมาเล่นแป้บ,https://www.facebook.com/appdsrimobile/photos/a.1753609971529042/2288848114671889/?type=3
141108613290_10156812604428291,17/8/2018,15:51:08,photo,เจอแล้ว ไชโย้,https://www.facebook.com/ejan2016/photos/a.638419792985697/1113614712132867/?type=3
141108613290_10156924011163291,29/9/2018,14:40:20,photo,ตามนั้น มีคนแชร์โพสของไอ้เฟซนี่เมื่อสี่ปีก่อนมารีรัน อ้างทฤษฎีสมคบคิด บอกว่าสโตนเฮจ เป็นของแหกตาที่ฝรั่งสร้างมาหลอกเราไม่ได้เป็นของเก่าแก่ก่อนยุคประวัติศาสตร์แบบที่เรารู้กัน  จริงๆมันเอาภาพตอน จนท บูรณะสโตนเฮนจ์ 70 ปีก่อน มาจับแพะชนแกะเป็นตุเป็นตะน่ะ ถถถถถถถถถถ,https://www.facebook.com/SquidManExE/photos/a.308616095833956/2229777473717799/?type=3
141108613290_10156823701603291,21/8/2018,22:15:15,photo,ข้อมูลเพิ่มเติมจากหมอแมวเกี่ยวกับพวกลัทธิต่อต้านวัคซีน แม่งเหี้ยกว่าที่คาดมาก,https://www.facebook.com/DramaAdd/photos/a.10151331013638291/10156823701513291/?type=3
141108613290_10156984230123291,22/10/2018,17:08:53,photo,ให้คะแนนความพยายามโยงห้าคะแนน,https://www.facebook.com/MajorGroup/photos/a.204417531093/10155962245321094/?type=3
141108613290_10156792583308291,9/8/2018,17:51:02,photo,กุว่าพร๊อพมันคุ้นๆยังไงชอบกลนะ,https://www.facebook.com/tadtorv2/photos/a.1463040430601793/2117100988529064/?type=3
141108613290_10156751338783291,24/7/2018,17:19:00,photo,เขื่อนแตกที่ สปป ลาว ตอนนี้คนสูญหายเป็นร้อย ทางสำนักข่าวและมูลนิธิต่างๆของ สปป ลาว กำลังระดมความช่วยเหลือกันอยู่ครับ เริ่มมีเปิดรับบริจาคละ,https://www.facebook.com/Houamchai/photos/a.614262202047514/1184685695005159/?type=3
141108613290_10157021534808291,6/11/2018,19:39:10,photo,เมเจอร์วันนี้เขาก็ไม่พลาด,https://www.facebook.com/MajorGroup/photos/a.204417531093/10155995120906094/?type=3
141108613290_10156867556773291,7/9/2018,22:16:40,photo,วันก่อน จ่าจัดเหมาโรงแจกตั๋วให้ดูฟรีสามร้อยที่นั่ง คนมาดูกันตรึม ถือว่าประสบความสำเร็จดี อีควีนมันเลยบอก นี่ๆอีจ่ากรูอยากทำมั่ง มึงติดต่อเมเจอร์ให้หน่อยสิ (ปิดเพจแล้วยังใช้งานกรูตลอด ถถถถ)  ดังนั้น จ่ากับอีควีน เลยจะจัดเหมาโรงอีกรอบ แต่รอบนี้ เราไม่ได้เหมาแจกคนใน กทม ละ เราจะเหมาโรงให้น้องๆเด็กนักเรียนตามต่างจังหวัดได้ดูกันฟรีๆเลย จังหวัดไหนก็ได้ทีมีโรงเมเจอร์ ตอนนี้ดูจากงบน่าจะได้ประมาณ 7-8 โรงเรียน ขอให้คุณครูท่านใดที่สนใจอยากพาเด็กๆนักเรียนไปดูหนังเรื่องนี้ ติดต่อมาได้ เด่วจะจัดให้ครับ มาก่อนได้ก่อนนะเออว์,https://www.facebook.com/DramaAdd/photos/a.10151331013638291/10156867556733291/?type=3
141108613290_10156743058778291,21/7/2018,14:23:47,photo,หมอบ ไอ้สัส หมอบลงไป,https://www.facebook.com/i.ruean/photos/a.625673387641360/939578159584213/?type=3
141108613290_10156906568943291,22/9/2018,9:55:17,photo,,https://www.facebook.com/DramaAdd/photos/a.450796738290/10156906568408291/?type=3
141108613290_10157107639403291,11/12/2018,14:18:16,photo,ทรงพระเจริญ (>/\<)  ปล ดูภาพทางขวามือด้วยครับ แล้วจะเข้าใจคอนเซ็ปท์ของภาพ,https://www.facebook.com/baccpage/photos/a.2343307215743007/2343307939076268/?type=3
141108613290_10156849119343291,31/8/2018,22:33:49,photo,นิทรรศการถ้ำหลวงที่พารากอนว่ะครับ เหลืออีกสองสามวันน่าจะหมดละ ทำโคตรดี มีกระสวยของอีลอนมาให้ดูด้วย อันใหญ่ส้าส,https://www.facebook.com/DramaAdd/photos/a.10151331013638291/10156849118803291/?type=3
141108613290_10156767148013291,30/7/2018,19:12:25,photo,ภาพของคนร้ายที่สั่งฆ่าคู่รักที่ภูเก็ต  ที่มาที่ไปแม่งน่าอนาถมาก คือฝ่ายหญิงเขามีแฟนอยู่แล้ว แล้วไปทำงานในผับหมอนี่ ซึ่งเป็นเจ้าพ่อคุมผับบาร์หลายแห่ง ไอ้นี่เห็นเขาหน้าตาดี ก็ไปจีบ จะเอาเขาเป็นเมียให้ได้ ฝ่ายหญิงไม่ยอมเพราะมีแฟนแล้วก็เอาปืนไปขู่เขา  จนทั้งสองคนตัดสินใจหนีไปใช้ชีวิตใหม่ที่อื่น แม่งก็ยังตามมาราวี ตามสะกดรอยแล้วตามฆ่าเขาทั้งสองคน ที่พีคคือก่อนหน้านี้คนร้ายเคยก่อเหตุฆ่าคนตายแต่รอดคุกมาได้  จนท กำลังตามตัวอยู่ ใครพบเบาะแสช่วยกันแจ้ง จนท ด้วย แต่กรูสงสัยจริงๆว่าคนแบบนี้ ถ้าจับได้ ศาลตัดสินประหาร จะมีคนมาปกป้องบอกว่าอย่าประหารเลย เราควรให้โอกาสเขากลับตัวกลับใจเป็นคนดีรึเปล่าวะ,https://www.facebook.com/teambigkren/photos/a.283333505471913/471211943350734/?type=3
141108613290_10156773912718291,2/8/2018,11:58:28,photo,อนาคตกำลังมาครับ เมื่อหน่วยงานรัฐหลายๆหน่วยงาน เริ่มมาสนับสนุน e-sport กันแล้ว ว่าแต่ กฟผ สนใจสนับสนุนลีค OW มั้ยคนับบบ,https://www.facebook.com/EGAT.Official/photos/a.346867302079985/1497234170376620/?type=3
141108613290_10157103385573291,9/12/2018,21:30:56,photo,ทำไมวะ.....,https://www.facebook.com/AnalysisDo/photos/a.259089924423753/784468858552521/?type=3
141108613290_10156825474738291,22/8/2018,14:58:56,photo,เกือบเสียโอกาสทำงานที่นาซ่า เพราะหลังได้ตำแหน่งฝึกงานก็ไปปากหมาในทวิตเตอร์ แต่เสือกไปปากหมาใส่ จนท อาวุโสของนาซ่า ถถถถถถ,https://www.facebook.com/TrustMePleaseIamACat/photos/a.446572292106204/1783724621724291/?type=3
141108613290_10157036408008291,12/11/2018,22:37:27,photo,เรามาถึงจุดที่มีแฟนอารทน้องจินนี่แล้วครับ,https://www.facebook.com/asuka111art/photos/a.215190385186886/2013040192068554/?type=3
141108613290_10157031351938291,10/11/2018,20:49:10,photo,อืม จำเริญ คนไข้เป็นคนเร่ร่อน มารักษาที่ รพ เพราะถูกรถชน ได้รับบาดเจ็บ รพ รักษาหาย จะพากลับบ้าน ตอนแรกเจ้าตัวอยู่แถวโรงหนังเก่า แต่เนื่องจากแถวนั้นร้างผู้คน คนไข้ก้เพิ่งฟื้นจากบาดเจ็บ ทาง รพ กลัวคนไข้จะมีปัญหาเรื่องอาหารการกิน เลยประสานกับวัด พาคนไข้ไปฝากที่วัด ระหว่างนี้ทาง รพ ก็ประสานกับศูนย์ดูปลคนไร้ที่พึ่งเด๋วเขาจะมาพาคนไข้คนนี้ไปดูแล  แล้วมีคนเอาไปให้สื่อลงข่าว บอกว่า โรงพยาบาลเอาคนไข้มาทิ้งที่วัด แชร์ด่าคนที่เกี่ยวข้องกันว่อนเลย ดีครับดี รพ เอาไงต่อล่ะนี่,https://www.facebook.com/kumhosp/photos/a.273893796291426/757462681267866/?type=3
141108613290_10156815629393291,18/8/2018,19:34:40,photo,โจรสองผัวเมีย ที่ตระเวนปล้นเงินชาวบ้าน แล้วเอาเงินฟ่อนมากองบนเตียงปูให้หมานอนนั่นเอง ใครเห็นเบาะแสแจ้ง ตร ไปเล้ยยยยย,https://www.facebook.com/csdthai/photos/a.258496287974021/430996427390672/?type=3
141108613290_10157036418523291,12/11/2018,22:42:36,photo,....เฮ้ย ไอ้เพจนี้ ทำไมทีน้องๆ bnk แต่ละคนมึงวาดซะ ลำเอียงนี่หว่าาาาาาา ถถถถถถถถถ,https://www.facebook.com/Highclassdrawing/photos/a.1274319112644333/1928409733901931/?type=3
141108613290_10156810278883291,16/8/2018,19:03:06,photo,ชีวิตดีๆที่ลงตัว,https://www.facebook.com/178477369496696/photos/a.179022409442192/219240842087015/?type=3
141108613290_10157006582373291,31/10/2018,20:12:16,photo,ขอถามความเห็นคนที่เล่นแล้วหน่อย เห็นคน hype กันมาก ควรสอยมั้ยครับเนี่ย,https://www.facebook.com/DramaAdd/photos/a.10151331013638291/10157006582248291/?type=3
141108613290_10156781855203291,5/8/2018,17:45:23,photo,genius!!!!,https://www.facebook.com/DramaAdd/photos/a.411063588290/10156781855033291/?type=3
141108613290_10156924601958291,29/9/2018,21:09:11,photo,น้ำตาจิไหล ขอแชร์สูตรแดกเบกกิ้งโซดารักษามะเร็งยัน HIv นะคระ,https://www.facebook.com/agressivedoctor/photos/a.335620880269592/487626405069038/?type=3
141108613290_10157071847683291,27/11/2018,16:39:15,photo,การทำหมันหมาแมวเนี่ย นอกจากจะช่วยคุมกำเนิดแล้ว ยังมีผลดีกับหมาแมวสารพัด คือช่วยลดโรคที่อาจเกิดขึ้นกับระบบสืบพันธ์ของมัน เช่น มะเร็ง เนื้องอกในมดลูก หรือติดเชื้อเป็นหนองในมดลูก มะเร็งเต้านม ซีสท์ที่รังไข่ บลาๆ ส่วนในหมาตัวผู้ก็จะลดโอกาสเป็นต่อมลูกหมากโต และทำให้มันไม่ดุร้าย ทำแล้วโคตรดี๊ดี คนก็แฮปปี้ หมาแมวก็แฮปปี้ ปะ พามันไปทำหมันกันให้หม๊ด,https://www.facebook.com/TasmaewNeutralization/photos/a.2060283590880954/2182319888677323/?type=3
141108613290_10157139736978291,24/12/2018,10:58:29,photo,ไม่ทัน....เห็นออกคลิปนั้นไปหลายช่องละ,https://www.facebook.com/thai.newscouncil/photos/a.145954522460117/936274416761453/?type=3
141108613290_10157107849193291,11/12/2018,16:51:01,photo,ทำมินิฮาทด้วยนิ้วไหนก็ได้ เรืองของกรู  เดอะทอยไม่ได้กล่าวเอาไว้ แต่กรูว่าแกคิดในใจแบบนี้แหละ ทำไมคนมันดราม่ากันเรื่องมินิฮาร์ทของแกจังวะ ถถถถถถถถถ,https://www.facebook.com/thisisthetoys/photos/a.253898548416089/575929199546354/?type=3
141108613290_10157095474223291,6/12/2018,18:17:07,photo,อ่าว กรูมี ns แบบนี้ก็เสร็จโก๋สิวะ,https://www.facebook.com/sheapgamer/photos/a.194547844659883/341389856642347/?type=3
141108613290_10156779369503291,4/8/2018,19:04:01,photo,= = ) อันนี้ฝีมือเด็กว่ะ เฮ้ย ผู้หลักผู้ใหญ่ที่พาเด็กไปเที่ยว ดูแลลูกหลานตัวเองด้วยเฮ้ย,https://www.facebook.com/KhonkaenCityOfThailand/photos/a.664374623597318/2173828172651948/?type=3
141108613290_10156807811398291,15/8/2018,18:14:53,photo,คิดว่ากฏกระทรวงล่าสุดที่แก้ไขว่า ห้ามเด็กนักเรียน นักศึกษา มีพฤติกรรมชู้สาวพลอดรักกันทุกสถานที่ (แก้จากของเดิมที่ระบุว่าห้ามในที่สาธารณะ ) จะสามารถแก้ไขปัญหาในภาพนี้ได้มั้ย  ได้แน่นอน กฏนี้โคตรเมพ กด 1  ได้ก็เหี้ยแล้ว กด 2,https://www.facebook.com/GthaiMovie/photos/a.1801235896615038/2167744529964171/?type=3
141108613290_10157006727023291,31/10/2018,21:19:11,photo,เอกสารจากกองควบคุมโรค เรื่องหัดเยอรมันที่ระบาดที่ ญป ครับ ใครจะไปเที่ยวญี่ปุ่นก็อ่านไว้ อาการโรคนี้ก็ไข้ออกผื่นแบบในภาพนั่นน่ะ ตอนนี้ติดเชื้อที่ ญป พันกว่าคนละ ตามพื้นที่ที่ระบุในเอกสาร  ส่วนสาเหตุที่ ญป เกิดหัดเยอรมันระบาด อันนี้ไม่เกี่ยวกับเรื่องลัทธิต่อต้านการฉีดวัคซีนหรือ anti-vaxx นะ แต่สาเหตุมันเกิดจากราวๆยี่สิบปีก่อน สมัยนั้นญี่ปุ่นก็มีการฉีดวัคซีน MMR หัด คางทูม หัดเยอรมัน กันเป็นวัคซีนพื้นฐาน ทีนี้ วัคซีนที่รัฐบาล ญป จัดซื้อมาฉีดทั่วประเทศตอนนั้น ลอทนั้นเป็นลอทที่กระบวนการผลิตมีปัญหา และต่างประเทศเลิกใช้แล้ว แต่ ญป นำเข้ามาฉีดให้เด็กทั่วประเทศล้านแปดแสนคน   ผลคือเด็กเกิดผลข้างเคียงจากการฉีดวัคซีนเยอะโคตร ประมาณว่า เยอะกว่าผลข้างเคียงที่อาจเกิดได้ตามปรกติกว่าสองพันเท่า  จนสังคม ญป ตื่นตระหนก ไม่กล้าพาลูกหลานไปฉีดวัคซีน MMR กัน ขนาดว่าแก้ปัญหานี้ได้แล้ว เอาวัคซีนลอทที่ไม่มีปัญหามาใช้แทน แต่คนก็ยังหวาดกลัวกัน จนรัฐบาล ญป ถอดวัคซีน MMR ออกจากวัคซีนพื้นฐานที่เด็กทุกคนควรฉีด เป็นเหตุผลที่ว่า บาง generation ของ ญป จึงไม่มีภูมิคุ้มกันจากสามโรคนี้ พอเกิดการระบาดทีก็บรรลัยกันเลยครับ  ส่วนของบ้านเรา วัคซีนตัวนี้เป็นวัคซีนพื้นฐานที่เด็กไทยทุกคนจะได้ฉีดฟรี ส่วนมากน่าจะเคยฉีดกันหมดแล้ว แต่ถ้าจะไป ญป โดยเฉพาะคนท้อง ควรไปหาหมอและตรวจเช็คว่ามีภูมิคุ้มกันรึเปล่านะ,https://www.facebook.com/DramaAdd/photos/a.10151331013638291/10157006710368291/?type=3
141108613290_10156776908638291,3/8/2018,18:35:12,photo,ที่อเมริกาแม่งก็วิกฤติเกี่ยวกับเพศศึกษา สุขศึกษาหนักใช่เล่นนะ กรูว่าแม่งพอๆกับไทยเลย ตอนนี้ปัญหาคือ วัยรุ่นที่นั่น เวลามีไรกัน ใส่ถุงยางครับ พอเสร็จ แล้วอยากรักษ์โลก ลดขยะยหรือยังไงไม่ทราบ เอาถุงยางไปล้างแล้วใช้ใหม่ ......โว้ยยยยย มันออกแบบมาให้ใช้หนเดียวทิ้งงงงง ไม่ได้ให้เอาไปรียูส เอาไปรียูสประสิทธิภาพในการป้องกันแม่งลดฮวบๆๆๆๆ จนจะป้องกันไม่ได้แล้ว ที่อนาถคือ คนอเมริกา ใช้ถุงยางแค่ หนึ่งในสามเท่านั้น แถมหนึ่งในสามนี่ยังใส่ผิดใส่ถูกใช้มั่วซั่ว ใช้ซ้ำกันรัวๆ และทางหน่วยงานของอเมริกา ไปลองวัดความรู้ด้านเพศศึกษาในกลุ่มนักเรียนมัธยม. พบว่ามีความรู้ผ่านเกณฑ์ครึ่งเดียวเท่านั้น....  จนตอนนี้ทางกองควบคุมโรคของอเมริกา ต้องออกมารณรงค์ให้คนอเมริกาไม่ใช้ถุงยางซ้ำ ฟังดูตลก แต่เป็นเรื่องจริง ว่าแต่บ้านเรามีใครใช้ซ้ำมั่งปะวะ หรือไม่มีปัญหาแบบนี้ เพราะวัยรุ่นแม่งสดอย่างเดียวเลย ถุงยางไม่สน,https://www.facebook.com/DramaAdd/photos/a.10151331013638291/10156776908598291/?type=3
141108613290_10156776319338291,3/8/2018,11:29:18,photo,คุณหมอเพจนี้ฝากแชร์ เป็นเคสที่น่าสนใจดี คือสาวคนนึง (ไม่ใช่คนในภาพอันนี้ภาพประกอบเฉยๆ) เขามีอาการแพ้รุนแรง แล้วไปหาหมอ ตอนแรกหาสาเหตุไม่เจอ แต่เขาก็สังเกตว่า มักจะมีอาการหลังกินพวกผลไม้ หรืออาหารที่มีผลไม้เป็นส่วนประกอบ เช่น ข้าวเหนียวมะม่วง กล้วยน้ำว้า กีวี่ ก็สงสัยกันว่า แพ้ผลไม้รึเปล่าหว่า แต่ระหว่างที่กำลังตรวจหาสาเหตุก็มีคนไปบอกเขาประมาณว่า เฮ้ย แพ้ผลไม้มีที่ไหน ใครๆเขาก็กินกล้วยกินมะม่วง ไม่มีอาการแพ้ เด็กๆมันยังกินกันเลย  เจ้าตัวเลยไปลองกินผลไม้อีกรอบ ปรากฏว่าแพ้หนัก เกือบตายยยยยย แล้วผลตรวจก็ออกว่า แพ้ผลไม้จริงๆว่ะครับ เป็นอาการที่ไม่ค่อยได้เจอในบ้านเราแต่ก็พบได้นะ คือเอาจริงๆเรื่องอาหาร มันแพ้ได้หมดทุกชนิดล่ะ อยู่ว่าที่จะซวยไปแพ้อาหารชนิดไหน มันไม่มีหรอก ไอ้อาหารที่กินได้ทุกคนไม่มีทางที่ใครจะแพ้เลยน่ะ,https://www.facebook.com/Theallergicmarch/photos/a.1900824193564896/2041599496154031/?type=3
141108613290_10157074267458291,28/11/2018,15:05:18,photo,ไอ้ข่าวสองผัวเมีย ควบดาบซามูไรปล้นร้านปืน แล้วโดนคนเฝ้าร้านเอาปืนยิงสวน ล่าสุดตำรวจสอบปากคำ คนร้ายบอกว่า มาปล้นร้านปืน เพื่อจะเอาปืนไปยิงคู่อริอีกที  การที่เอ็งมีวันนี้ เพราะไม่มีศรัทธาในวิถีแห่งซามูไรยังไงล่ะ ถถถถถถถถถถถถถถถ,https://www.facebook.com/DramaAdd/photos/a.10151331013638291/10157074267423291/?type=3
141108613290_10157112369458291,13/12/2018,11:18:52,photo,อือหือ พาเมียมาเที่ยวไทย แล้วเมียจมน้ำตายในสระว่ายน้ำของโรงแรม แต่ญาติสงสัยว่าอาจมีไรมากกว่านั้นเพราะศพผู้ตายมีพิรุธหลายจุด สุดท้ายตำรวจสอบสวนถึงสารภาพว่าลงมือฆ่าเมียตัวเองเพราะไม่อยากอยู่ด้วยแล้ว (แถมทำประกันให้เมียไว้วงเงินร้อยกว่าล้าน วู้ววว),https://www.facebook.com/aizhongchina/photos/a.385530708245165/1412760198855539/?type=3
141108613290_10156807376583291,15/8/2018,12:44:21,photo,ข่าวฝากประชาสัมพันธ์  #น้องแมวหาบ้าน ค่ะ  น้องหน้าตาหน้าเอ็นดูมากกกก  หลงมาอยู่ที่ร้านอาหารเป็นอาทิตย์แล้ว  มีคนช่วยดูแลอยู่ แต่ทางร้านเค้าไม่ให้อยู่นาน  น้องเป็นเด็กผู้ชายอายุไม่ถึงสองเดือน ยังทานนมอยู่เลย  สนใจรับเลี้ยงน้องไปดูตัวได้ที่  ร้านอาหาร Pesca Mar & Terra Bistro 39 เอกมัยซอย 12   หรือจะนัดให้ไปส่งหรือนัดรับน้องที่ไหนก็คุยได้ค่ะ ติดต่อที่เบอร์ 0979262323 (ต้นนัท)   ฝากด้วยนะคะ,https://www.facebook.com/DramaAdd/photos/a.10151331013638291/10156807376543291/?type=3
141108613290_10157030988623291,10/11/2018,16:58:52,photo,ตาเบลล์ขอบสนาม แม่เขาเปิดร้านขนมจีบ จ่าก็ไปอุดหนุนมา เบลลมันโม้ว่า ให้ลองชิมซอสสูตรแม่เขาก่อน รับรองติดใจ อ่ะลองก็ลอง พอกินเข้าไปอู้หู กรูเอาไปแบ่งให้พ่อแม่กิน ซักพักพ่อแม่แย่งกรูแดกเรียบหมดแล้วว้อย อันนี้แนะนำจริงๆครับ ไม่รู้แม่เบลล์เขาทำยังไงนะ แต่เนื้อขนมจีบ นุ่มมาก นุ่มแม่งยังกับแดกหมูเด้ง หรือพวกหมูนิ่มในราดหนายังไงยังงงั้น แต่ไม่ได้นิ่มเพราะแป้งแบบลูกชิ้น หรือขนมจีบที่ใส่แป้งเยอะๆ อันนี้มันนิ่มแบบหมูเด้งเลย รสเนื้อล้วนๆ แป้งห่อขนมจีบก็กำลังดี นุ่ม เคี้ยวเพลิน ไม่แห้งกระด้าง ราดซอสรสเผ็ดหวานใส่กระเทียมเจียวอีก เด็ดสัส!!!!  ใครสนใจโทรสั่งไลนแมนได้ หรือไปสั่งซื้อกับตาเบลล์แกได้เลย รับรองอร่อยจริง ไม่อร่อยให้เอาขนมจีบไปบี้ใส่หน้าเบลล์มันได้เลย,https://www.facebook.com/DramaAdd/photos/a.10151331013638291/10157030988533291/?type=3
141108613290_10156993610598291,26/10/2018,13:54:47,photo,orz กุกราบล่ะ ช่วยพาเด็กๆไปฉีดวัคซีนกันเถอะ ไอ้พวกเหี้ยที่กุข่าวหลอกพวกมึงว่าวัคซีนอันตรายงั้นงี้ พอถึงเวลาโรคระบาดขึ้นมา มันไม่ช่วยเหี้ยไรพวกมึงเลย มีแต่วัคซีนนี่ล่ะที่ช่วยลูกหลานพวกมึงได้นะ,https://www.facebook.com/138550602982376/photos/a.138551336315636/800526743451422/?type=3
141108613290_10156761408998291,28/7/2018,16:26:10,photo,อันนี้ข้อสังเกตส่วนตัว แล้วก็อีกประเด็น  เห็นว่าช่วงสิบยี่สิบปีมานี้ การเรียนการสอน ทั้งการสะกดคำ การผันวรรณยุกต์ มันต่างจากรุ่นๆที่เราเรียนกันเยอะมาก อันนั้นมีส่วนที่ทำให้คนผันวรรณยุกต์กันไม่ค่อยถูกทุกวันนี้ปะวะ,https://www.facebook.com/DramaAdd/photos/a.411063588290/10156761406023291/?type=3
141108613290_10157001194323291,29/10/2018,12:26:43,photo,ภาพตอนชาวต่างชาติร่วมสวดภาวนาที่คิง เพาเวอร์ สเตเดียม ให้เจ้าสัววิชัย ช่วงก่อนที่ทางสโมสรจะประกาศอย่างเป็นทางการ ถือว่าเจ้าสัวเขาเป็นคนไทยหนึ่งในไม่กี่คน ที่เข้าไปอยู่ในหัวใจชาวต่างชาติได้ขนาดนี้นะ,https://www.facebook.com/goalthai/photos/a.2410005112348933/2410004915682286/?type=3
141108613290_10157088639838291,3/12/2018,23:09:31,photo,ตอบ ไม่ได้ครับ เพราะลำไส้เด็กสามเดือน ยังไม่พร้อมจะย่อยอาหารอื่นนอกจากนม กินเข้าไปอาจท้องอืด ลำไสัอักเสบ จนถึงลำไส้แตกตายได้ แล้วก็ โจ๊กซอง มันอาหารสำหรับผู้ใหญ่ มีปริมาณโซเดียมค่อนข้างสูง เด็กทารกกินเข้าไป จะได้รับโซเดียมสูงเกิน อันตรายครับ ถึงตายได้เลยนะ,https://www.facebook.com/khaopodnews/photos/a.2122681294644764/2296398730606352/?type=3
141108613290_10157129427933291,20/12/2018,12:24:36,photo,สาเหตุของการระเบิดครั้งมหึมาที่ฮอกไกโด ซึ่งโชคดีมากที่ไม่มีใครตายจากเหตุนี้ สาเหตุแม่งงี่เง่ามาก คือ เอเจนซี่บ้านเช่า เวลาแนะนำบ้านให้ลูกค้าจะแถมสเปรย์ดับกลิ่นไปด้วย  แล้วไอ้คนก่อเหตุแม่งลืมรึไงไม่ทราบ เลยมีสเปรย์ดับกลิ่นเหลือร้อยกว่ากระป๋อง พี่แกกลัวโดนเจ้านายจับได้ ว่าลืมส่งมอบสเปรย์ให้ลูกค้า เลยจะทำลายหลักฐาน ด้วยการเปิดสเปรย์ ระบายแก๊ซให้หมด แล้วคงกะจะเอากระป๋องสเปรย์ไปทิ้งทีหลัง ผลคือ ระบายแก๊ซออกมาร้อยกว่ากระป๋อง แล้วเกิดประกายไฟพอดี  ตู้มมมมมมมมมาา,https://www.facebook.com/tomyamwasabi/photos/a.525730784184722/1971537646270688/?type=3
141108613290_10156854296643291,2/9/2018,19:47:57,photo,....ข่าวโคตรเซอเรียล ตำรวจคูเวท บุกจับร้านขายปลา เนื่องจากแม่งเอาตาปลอม มาแปะตาปลา ให้ดูสดกว่าที่มันเป็น  https://www.huffingtonpost.com/entry/fish-googly-eyes-caught_us_5b8b3239e4b0162f47241e6b,https://www.facebook.com/DramaAdd/photos/a.411063588290/10156854296238291/?type=3
141108613290_10156955406413291,11/10/2018,11:43:33,photo,แต่เด็กส่วนมากที่โดน bully ไม่ค่อยสู้กลับแบบนุ่นหรอกครับ มีแต่จะโดนแกล้งหนักขึ้นหนักขึ้นเรื่อยๆ,https://www.facebook.com/OmeagaJod/photos/a.420020941389832/2041683105890266/?type=3
141108613290_10156828569038291,23/8/2018,21:00:14,photo,ประเด็นเรื่องที่นักศึกษาราชมงคลแห่งนึง จัดกิจกรรมทิ้งดิ่งในไร่นา คือให้นักศึกษาทิ้งตัวลงไปในทุ่งนาที่เป็นพื้นโคลน เพื่อให้เกิดความเป็นอันหนึ่งอันเดียวกันอะไรนั่น แล้วจารยเจษก็มาเตือนเรื่อง ระวังเชื้อโรคต่างๆในโคลนนะเธอว์ ซึ่งก็แน่นอนครับ นักศึกษามารุมถล่มด่าอาจารย์จนเละเป็นขี้เลย  แต่เรื่องที่จารยแกเตือนเป็นเรื่องที่น่าห่วงมาก  คือ เข้าใจว่ามหาลัยนี้มีการเรียนการสอนด้านการเกษตร (รึเปล่าวะ) และการทำงานด้านเกษตรมันก็ต้องสัมผัสดินโคลนกันเป็นปรกติ  แต่ทุกวันนี้โรคภัยแม่งเยอะเหี้ยๆ  โดยเฉพาะที่น่ากลัวที่สุดสำหรับชาวไร่ชาวนา คือฉี่หนูครับ  เด็กๆอาจจจะยังไม่เคยเจอ แต่สำหรับคนที่เคยเจอผู้ติดเชื้อโรคนี้มาแล้ว ขอบอกว่า แม่งน่ากลัวเหี้ยๆ แบบแป๊บๆ ไปเลย ติดเชื้อในกระแสเลือด ตับพัง ไตพัง เลือดไหลออกทางทวารต่างๆ บางทีโรคแม่งแรงขนาดวินิจฉัยได้ ให้ยาฆ่าเชื้อแล้ว ยังไม่ทันเลยพับผ่า  และอาชีพที่ติดเชื้อนี้เยอะสุด ก็คือชาวไร่ชาวนา  หลังๆเราเลยรณรงค์ให้ชาวไร่ชาวนา ใส่ถุงมือยาง และใส่บูท เวลาลงไปดำนา ไม่ลงไปตีนเปล่าๆ เพราะโรคฉี่หนูเนี่ย ไม่ต้องให้มีแผลที่ตีน มันก็สามารถมุดผ่านเนื้อเยื่อส่วนที่บางๆแล้วชอนไชเข้ามาในร่างกายเราได้  น้องๆถ้าเรียนด้านนี้ และจะเป็นเกษตรกรรุ่นใหม่ในอนาคต  สำคัญที่สุดคือเซฟตี้ครับ ต้องรู้ว่าจะทำนาทำไร่อย่างไรจึงจะปลอดภัย  จริงๆทุกวิชาชีพเลยนะ อย่างของแพทย์เนี่ย เวลานักศึกษาแพทย์เริ่มเรียนภาคปฎิบัติ จะขึ้นวอร์ดไรงี้ อย่างแรกๆเลยที่จารย์จะสอนให้เด็กทำกันให้เป็น คือเรื่องการใช้อุปกรณ์ป้องกันตัว เช่น ใส่ถุงมือปลอดเชื้อ ใส่เสื้อกาวน์ยาวกันให้เป็น ไรงี้ คนที่จะเป็นเกษตรกรก็เช่นกัน ต้องรู้เรื่องการป้องกันตัวจากโรคภัยที่อาจติดจากการทำงาน และรู้อันตรายจากสารเคมีต่างๆที่ใช้ในการเกษตร   ซึ่งคนสมัยก่อนไม่มีความรู้ตรงนี้ มึงเคยเห็นมั้ยอ่ะ คนไข้เป็นชาวนา ไปยืนนุ่งผ้าขาวม้าพ่นพาราควอท แล้วลมพัดหวนย้อนพาราควอทมาใส่ตัวลุงแก กรูนี่เจอเคสนี้เข้าไปแทบร้องกรี๊ดว่าทำไมลุงแกไม่ใส่ชุดป้องกันวะ สุดท้ายก็ตาย  น้องๆเป็นคนรุ่นใหม่ต้องพัฒนาไปกว่าเดิม ไม่ใช่ย่ำต๊อกอยู่กับที่ด้วยข้ออ้างบ้าบออย่างประเพณีจารีตห่าเหวไรเทือกนั้น  ว่าแต่จารยเจษแกก็เตือนดีๆ ทำไมเด็กๆแม่งไปรุมถล่มกันรัวๆเลยวะ,https://www.facebook.com/DramaAdd/photos/a.411063588290/10156828557948291/?type=3
141108613290_10157127500088291,19/12/2018,19:06:40,photo,"ข่าวฝากประชาสัมพันธ์จากกระทรวงพาณิชย์ เด๋วจะหยุดยาวละ ช่วงปีใหม่ของทุกปี ก็จะมีพวกโก่งค่าบริการเอาเปรียบชาวบ้านชาวช่อง มาเรื่อยๆ ทางกระทรวงเขาฝากมาดังนี้  ■■■■■■■■■■■■■■■■■■■■■■■■■■■■  อีกไม่กี่วัน จะเข้าสู่เทศกาลการเดินทางกลับบ้าน กลับภูมิลำเนา และเดินทางท่องเที่ยว ของคนไทย ต้อนรับเทศกาลปีใหม่ 2562 ซึ่งหน่วยงานภาครัฐที่เกี่ยวข้องได้เริ่มออกมาเตรียมพร้อมกับการรับคลื่นมหาชนกันแล้ว ทั้งการเตรียมความพร้อมในด้านการเดินทาง ทั้งรถทัวร์ รถ บขส. รถไฟ เป็นประจำของทุกปี ที่เมื่อมีคนเดินทางกันมาก มักจะมีพ่อค้าแม่ค้าฉวยโอกาสเอาเปรียบประชาชน ไม่ว่าจะจำหน่ายสินค้าแพงเกินจริง คิดค่าบริการแพงเกินจริง เรื่อยไปจนถึงเอาเปรียบเรื่องการเติมน้ำมัน  ปีนี้ กระทรวงพาณิชย์ ไล่มาตั้งแต่รัฐมนตรีสนธิรัตน์ สนธิจิรวงศ์ ปลัดพาณิชย์ นายบุณยฤทธิ์ กัลยาณมิตร ได้กำชับให้หน่วยงานที่เกี่ยวข้อง ทั้งกรมการค้าภายใน สำนักงานพาณิชย์จังหวัดทั่วประเทศ โดยเฉพาะในจังหวัดที่เป็นศูนย์กลางในการเดินทางเชื่อมต่อไปยังจังหวัดต่างๆ และแหล่งท่องเที่ยว ให้เข้มงวดเป็นพิเศษในการดูแลในเรื่องราคาสินค้า ราคาอาหารการกิน และค่าบริการต่างๆ เพื่อป้องกันไม่ให้คนโดนเอาเปรียบ  นอกจากนี้ ได้กำชับให้เจ้าหน้าที่สายตรวจออกตรวจสอบ และติดตามสถานการณ์ราคาสินค้าอย่างใกล้ชิด รวมทั้งรณรงค์ประชาสัมพันธ์ให้ผู้ประกอบการตามสถานีขนส่งและสถานีรถไฟ ให้ติดป้ายแสดงราคาสินค้าและค่าบริการอย่างชัดเจน เพื่อป้องปรามมิให้ฉวยโอกาสขึ้นราคาจำหน่ายสินค้าและบริการสูงเกินสมควร   สถานที่ๆ จะดำเนินการ ได้แก่ บริเวณสถานีขนส่งและสถานีรถไฟทั่วประเทศ เช่น สถานีขนส่งหมอชิต สถานีขนส่งเอกมัย สถานีขนส่งสายใต้ใหม่ และสถานีรถไฟหัวลำโพง รวมถึงสถานที่ท่องเที่ยวต่างๆ เรื่อยไปจนถึงสนามบินทั้งในกรุงเทพฯ และในส่วนภูมิภาค ที่ปัจจุบัน มีประชาชนเข้าไปใช้บริการมาก  โดยถ้ามีการตรวจพบพฤติกรรมเอาเปรียบผู้บริโภคจะมีความผิดตามกฎหมาย เช่น ไม่ปิดป้ายแสดงราคา มีโทษปรับไม่เกิน 10,000 บาท กรณีจำหน่ายสินค้าราคาสูงเกินสมควร กักตุนสินค้า และปฏิเสธการจำหน่ายต้องโทษจำคุก 7 ปี หรือปรับไม่เกิน 140,000 บาท หรือทั้งจำทั้งปรับ ส่วนปั๊มน้ำมัน ก็จะมีสายตรวจออกไปตรวจสอบหัวจ่าย โดยจะเน้นปั๊มน้ำมันที่เป็นทางผ่านไปยังจังหวัดต่างๆ และจังหวัดท่องเที่ยว เพื่อป้องกันการเอารัดเอาเปรียบในการเติมน้ำมัน  นอกจากนี้ ยังมีเรื่องกระเช้าปีใหม่ ที่ห้างค้าปลีก ค้าส่ง ห้างสรรพสินค้า และซุปเปอร์มาร์เก็ต นำมาขายเพื่อให้คนไปซื้อเป็นของขวัญปีใหม่ ทุกห้างต้องแสดงรายการสินค้า ขนาดน้ำหนักต่อหน่วย ปริมาณการบรรจุ และราคาสินค้าแต่ละรายการที่บรรจุในกระเช้าหรือชุดของขวัญให้ชัดเจน เพื่อให้ผู้บริโภคได้เปรียบเทียบราคาก่อนตัดสินใจซื้อ และยังได้กำชับให้นำสินค้าที่มาบรรจุในกระเช้าต้องมีคุณภาพดี ไม่หมดอายุ โดยอายุสินค้าต้องไม่น้อยกว่า 6 เดือน  ถ้าใครเห็นว่าถูกเอาเปรียบในการซื้อสินค้าและบริการ หรือเติมน้ำมันแล้วไม่ได้เต็มลิตร หรือซื้อกระเช้าแล้วเจอของไม่ดี ไม่มีคุณภาพ   สามารถร้องเรียนได้ที่สำนักงานพาณิชย์จังหวัดทั่วประเทศ หรือสายด่วนกรมการค้าภายใน โทร 1569 กระทรวงพาณิชย์จะจัดส่งเจ้าหน้าที่ไปตรวจสอบ และหากพบการกระทำความผิดจะดำเนินการตามกฎหมายอย่างเคร่งครัด",https://www.facebook.com/DramaAdd/photos/a.411063588290/10157127498678291/?type=3
141108613290_10157021778228291,6/11/2018,21:38:50,photo,สงสัยงานนี้ธนาธรต้องออกมาแสดงจุดยืนเองแล้วมั้งครับ,https://www.facebook.com/DramaAdd/photos/a.10151331013638291/10157021776413291/?type=3
141108613290_10156784037383291,6/8/2018,10:23:17,photo,คอมเม้นท์บันเทิงสัส มีทั้งคนที่บอกว่า เฮ้ย กรูจ่ายเงินมาดูเดี่ยวเว้ย ไม่ได้มาดูใครขอแต่งงานกันในงาน กับคนที่บอกว่าเรื่องแค่นี้เองหยวนๆกันหน่อยไม่ได้เหรอวะเรื่องน่ายินดีนะเว้ย บลาๆๆๆ,https://www.facebook.com/thaistandupcomedy/photos/a.203746616331594/2083519588354278/?type=3
141108613290_10156898819993291,19/9/2018,11:33:20,photo,อันนีที่คนกำลังส่งต่อกันพรึ่บ บอกว่าเป็นวิธีตรวจสอบว่าเอ็นข้อมืออักเสบอยู่รึเปล่า สำหรับคนที่ทำงานที่ต้องใช้ข้อมือบ่อยๆไม่ว่าจะงานเอกสาร พิมพ์เอกสาร จนถึงเล่นเกม fapfapfap บลาๆ  อันนี้จริงนาจา ถ้าทำท่านี้แล้วมีอาการปวดตรงข้อมือแบบปวดจี๊ดดดดดขึ้นมาเลย ระวังจะเป็นโรคเอ็นอักเสบ ที่ชื่อ เดอกาแวง ส่วนที่เขาส่งต่อกันเป็นวิธีที่ เอามาจากวิธีที่หมอจะตรวจคนไข้นั่นแหละ ถ้ามีอาการก็พักการใช้งานข้อมือซักระยะ ทาครีมนวดแก้ปวด ประคบร้อน ก็จะช่วยบรรเทาอาการได้ แต่ถ้าเป็นเยอะๆก็ไปหาหมอไป๊,https://www.facebook.com/DramaAdd/photos/a.10151331013638291/10156898819928291/?type=3
141108613290_10156810785933291,16/8/2018,23:01:19,photo,โพสของนักศึกษาคนนี้ อ่านแล้วนึกถึงสมัยเข้ามหาลัยใหม่ๆ เขาก็พาไปเข้ากิจกรรมรับน้องประชุมเชียร์ จำได้ว่าพี่ว๊ากหลายๆคนบอกว่า ถึงอาจารย์จะสอนคุณในห้องเรียน แต่ตอนคุณอยู่ชั้นคลินิค รุ่นพี่จะเป็นคนสอนคุณทำหัตถการต่างๆ ถ้าคุณไม่เข้าประชุมเชียร์ รุ่นพี่ก็จะไม่สอนคุณ อย่าคิดว่าจะจบหมอได้ถ้าคุณไม่เข้าประชุมเชียร์นะ  วันต่อมากรูโดดประชุมเชียร์ไปเที่ยวเล่นกับเพื่อน ก็เรียนจบนะ ฮะๆๆๆ แม่งก็ขู่ไปงั้นแหละ แต่มันคือการขู่ให้กลัวเพื่อให้สยบยอมต่อระบบรุ่นพี่ไง ถ้าโดนรุ่นพี่ขู่ว่าถ้ามึงไม่เข้าประชุมเชียร์ ไม่เข้าระบบโซตัส จะเรียนไม่จบนะ ไม่ต้องไปกลัว ปากเก่งไปงั้นแหละพวกเหี้ยนี่ มีปัญญาทำไรซะที่ไหน  ปล อย่าคิดว่าคณะที่คนคะแนนสูงๆ คิดว่าน่าจะมีแต่คนสติปัญญาดีๆอย่างคณะแพทยจะไม่มีเรื่องแบบนี้นะ เยอะเลยล่ะ แต่หลังๆได้ข่าวจากเพื่อนที่เป็นอาจารย์มหาลัยว่าดีขึ้นเยอะแล้ว และมันน่าจะดีขึ้นไปในแนาคตเรื่อยๆถ้าเด็กรุ่นนี้ รุ่นหน้า คิดตรงกันว่า เรื่องแบบนี้แม่งไม่โอเค และลดบทบาทในสังคมมหาลัยของพวกนี้ลงเรื่อยๆ,https://www.facebook.com/DramaAdd/photos/a.10151331013638291/10156810785903291/?type=3
141108613290_10157020853838291,6/11/2018,11:28:01,photo,ปักป้ายห้ามไอ้เสี่ยนั่นเข้าอุทยานนี้โดยด่วน,https://www.facebook.com/thainewsch8/photos/a.669583609756567/1976357629079152/?type=3
141108613290_10157155722913291,30/12/2018,15:31:04,photo,ตาย 182 แหล่ว,https://www.facebook.com/thainewsch8/photos/a.669583609756567/2058679544180293/?type=3
141108613290_10157011207393291,2/11/2018,13:37:51,photo,ไปเจอจากกลุ่มๆนึง ที่เขาคุยกันว่า เด็กถูกตะขาบกัด แล้วควรรักษายังไง เจอคอมเม้นท์แบบนี้.....อันนี้น่าสงสัยเจตนาคนเฒ่าคนแก่สัสๆ,https://www.facebook.com/DramaAdd/photos/a.411063588290/10157011206678291/?type=3
141108613290_10156993591323291,26/10/2018,13:39:49,photo,เอาเพลงนี้ออกไปจากหัวกูที #ประเทศกูมี,https://www.facebook.com/DramaAdd/photos/a.411063588290/10156993591068291/?type=3
141108613290_10156896339548291,18/9/2018,14:54:15,photo,ตอนแรกก็ตำหนิว่าทำไมครูเฉลยผิด พอเห็นคนเข้าไปโพสในเม้น เข้าข้างครู บอกว่าครูถูกแล้ว ตอบสี่ บลาๆๆๆๆๆๆๆ  โอเค ครูไม่ผิด คนที่เข้าข้างครูก็ไม่ผิด  มันผิดที่ระบบการศึกษาแล้ว   เอาง่ายๆ จอยเก็บได้ 12 ผล  โจ้เก็บได้มากกว่าจอย 8 ผล  โจ้เก็บมะม่วงได้กี่ผล  ประโยคสัญลักษณ์ก็ 12 + 8 = [ ]  ถูกต้องแล้ว คำตอบก็ต้อง 20   ไม่งั้นถ้าโจ้เก็บได้ 4 ผล  มันจะมากกว่าจอยที่เก็บได้ 12 ผล ยังไงวะ........,https://www.facebook.com/DramaAdd/photos/a.411063588290/10156896336013291/?type=3
141108613290_10157124991028291,18/12/2018,18:40:06,photo,เรื่องห้าทรชนรุมโทรมนั่น นอกจากพฤติกรรมของไอ้ห้าคนนี้แล้ว อีกเรื่องที่เลวร้ายมากและไม่น่าเกิดขึ้นเลย คือ ไอ้คนที่เป็นตัวเจ้ากี้เจ้าการ เอาเด็กหญิงที่เป็นเหยื่อ มานั่งเผชิญหน้ากับคนร้ายและครอบครัว พร้อมทั้งบอกให้เด็กเล่าออกมาว่า “ถูกข่มขืนยังไง”   อันนี้คือความเหี้ยขั้นสุดจริงๆ เพราะคนที่ทำ มันไม่มีอำนาจทางกฏหมายใดๆทั้งสิ้นที่จะทำกระบวนการนี้ อีกทั้ง การให้เหยื่อเล่าเหตุการณ์เป็นเรื่องที่ละเอียดอ่อนมาก หากใช้วิธีการหรือคำพูดที่ไม่เหมาะสม นั่นคือการตอกย้ำและข่มขืนเด็กซ้ำสอง ดังนั้นโดยปรกติ เราจะใช้สหวิชาชีพ มีนักจิตวิทยา หมอ นักสังคมสงเคราะห์ ตำรวจหญิง ที่มีประสบการณ์มาร่วมกันพูดคุย   ดังนั้นกรูไม่แปลกใจเลย ที่พ่อของเด็กคนที่เป็นเหยื่อ นอกจากจะแจกตีนให้ไอ้ห้าคนนั้นแล้ว ยังแจกตีนให้ไอ้คนนี้ด้วย สมน้ำหน้า ไอ้สัส จริงๆพ่อเขาใจเย็นมากละนะ ถ้าเจอคนใจร้อนนี่อาจไม่ได้เจอแค่แจกตีนแน่   ส่วนใครที่เจอเหตุการณ์นี้ จำไว้ว่ามันเป็นเรื่องละเอียดอ่อน ให้พึ่งมืออาชีพคือสหวิชาชีพ ถ้าไม่รู้จะขอความช่วยเหลือจากใคร โทร 1300 ศูนย์พึ่งได้ เขาพร้อมช่วยเสมอ,https://www.facebook.com/DramaAdd/photos/a.10151331013638291/10157124990998291/?type=3
141108613290_10157052485908291,19/11/2018,17:16:14,photo,...กรูตอบไม่ได้ ต้องไปเรียน ป.1ใหม่มะ,https://www.facebook.com/wekruthai/photos/a.1419287435061914/2240380519619264/?type=3
141108613290_10157056453403291,21/11/2018,11:45:36,photo,ว้า....คนละป้อม,https://www.facebook.com/onenews31/photos/a.1213190632102743/2036006939821104/?type=3
141108613290_10157036281803291,12/11/2018,21:33:01,photo,จริงๆมันจะไม่มีดราม่าไรเลยนะ ถ้าพรี่เลิกกันแบบเงียบๆต่างคนต่างไป ไม่มารำพึงรำพัน จนฝ่ายหญิงต้องออกมาแก้ข่าว,https://www.facebook.com/underbedstar/photos/a.1518111418402967/2263708200509948/?type=3
141108613290_10157057035188291,21/11/2018,20:45:01,photo,อันนี้ Unseen เที่ยวหาดใหญ่แบบจ่าที่ภูมิใจนำเหนอ  ต้องแหลงได้ว่าหรอยแรง  กรูจะพาเที่ยวไปพร้อมๆกับ AirAsia และการท่องเที่ยวแห่งประเทศไทย (ททท.) จากที่กรูเคยอยู่หาดใหญ่มาก่อน :P เรื่องของกินที่นี่กรูนำเหนอเลย หาดใหญ่เป็นเมืองที่ของกินเต็มบ้านเต็มเมืองไปหมด โดยเฉพาะช่วงเย็นๆถึงดึกๆ การขี่รถแวะแดกร้านบะหมี่สารพัดที่มีอยู่เต็มเมืองไปหมดเป็นอะไรที่บันเทิงมาก สมัยก่อนนู้นตอนจ่าเรียนหาดใหญ่ก็แดกไรหว่า หมี่ไก่ หมี่เอ็น หมี่ชักธง ไรพวกนี้มั้ง ส่วนตัวกุชอบหมี่ชักธงมากสุด สะใจดี แต่ร้านอื่นๆก็หรอยจังหู ทุกวันนี้น่าจะมีประมาณสามสิบกว่าร้านทั่วเมืองนะ (เยอะสั้ส) พวกของกินประจำถิ่นอื่นๆก็หรอย แบบพวกบักกุ๊ดเต๋ แต่เตี๊ยม ไรเทือกนี้ มีให้ตระเวนกินเต็มไปหมด ของกินที่น่าซื้อมาเป็นของฝากให้คนที่บ้านกินแบบที่หากินที่อื่นไม่ได้แล้วก็มีเยอะ แบบไข่ครอบงี้   ใครอยากมา ก็รีบจองตั๋ว แล้วบินกับ AirAsia ได้เลย แถมตอนนี้มีโปรฯ สำหรับสมาชิก BIG เริ่มต้นที่ 490 บาท ราคาบุคคลทั่วไป เริ่ม 533 บาท จอง 19 - 25 พ.ย. 2561 เดินทาง 19 พ.ย. 2561 – 5 พ.ค. 2562 ไม่ต้องแพลนก็เที่ยวได้นาจาปล ใครรู้จักไข่ครอบมั่ง หรอยคาด รีบมาลองกันที่หาดใหญ่เท่านั้น  จองเลย >> https://bit.ly/2QBz9cx  #เที่ยวไทยรอไม่ได้ #AirAsiaTravels #Amazingไทยเท่,https://www.facebook.com/DramaAdd/photos/a.411063588290/10157057032328291/?type=3
141108613290_10157069529123291,26/11/2018,18:22:49,photo,คิดดี พูดดี ทำดี ชีวิตเจริญครับน้องแนท,https://www.facebook.com/WorkpointNews/photos/a.153956988306921/801684870200793/?type=3
141108613290_10157100907438291,8/12/2018,22:18:06,photo,เผากันละครับ,https://www.facebook.com/DramaAdd/photos/a.10151331013638291/10157100907363291/?type=3
141108613290_10157018637913291,5/11/2018,12:47:12,photo,หมาจรฝูงใหญ่ขนาดนี้ ไม่น่าหาอาหารเองตามธรรมชาติได้ มีคนไปให้ข้าวให้น้ำมันกินรึเปล่า,https://www.facebook.com/tnamcot/photos/a.261083237329156/1735062269931238/?type=3
141108613290_10156853984303291,2/9/2018,16:12:01,photo,โถว เด็กติดเกม,https://www.facebook.com/i.ruean/photos/a.625673387641360/980673038808058/?type=3
141108613290_10156912856178291,24/9/2018,22:47:43,photo,ไม่หารนะ ถถถถถถถถ,https://www.facebook.com/ContrastTH/photos/a.1815994571782342/1815994648449001/?type=3
141108613290_10156961477868291,13/10/2018,19:44:45,photo,ตลกเม้นนี้ อันนี้ของเก่าเก็บอายุเกือบสามสิบปีจริงๆ กรูนี่อายุจะสามหกละ ส่วนไอ้เวน่อมนี่แม่ซื้อให้ตอนแปดเก้าขวบ แล้วเก็บมาถึงทุกวันนี้ นี่ย้ายบ้านมาแล้วเปิดเจอในกล่องเก็บของ ฝุ่นตรึมเลย เลยเอามาประดับห้อง   แล้วมึงบอกดีไซน์ใหม่ ? คือมันเป็นดีไซน์ดั้งเดิมของเวน่อมนะ ไอ้ทรงตาแบบนั้นน่ะ แล้วสมัยนั้นมีคนเอาไปทำฟิกเกอร์แบบ 2D ขาย ทรงแดกไอติม คนน่าจะเคยเห็นกันบ้างนะ ที่ ตปท ยังมีขายอยู่เลย เป็นของเล่นหายากแบบวินเทจละ แล้วเวน่อมเปิดตัวแบบมีหัวหนังสือของตัวเองครั้งแรก 88 นะ ไม่ใช่ 1993 เมาอะไรรึเปล่า,https://www.facebook.com/DramaAdd/photos/a.411063588290/10156961481923291/?type=3
141108613290_10156969635478291,16/10/2018,18:33:16,photo,word of wisdom from กระปู๋แมน วันนี้คุณถอกกระปู๋มาล้างแล้วหรือยัง  หาซื้อได้ที่ร้านหนังสือทั่วไปและงานหนังสือแห่งชาติ เริ่มงานพรุ่งนี้นะจ๊ะ ในเล่มนี้ทั้งเรื่องขลิบ เรื่องถอก เรื่องกุเจี๊ยว มาตรึม,https://www.facebook.com/kapoomanclub/photos/a.438477310011596/445328565993137/?type=3
141108613290_10156955205448291,11/10/2018,10:20:00,photo,ใครไปกล่อมญาติเด็กให้ยอมความอีกวะ,https://www.facebook.com/DramaAdd/photos/a.10151331013638291/10156955205178291/?type=3
141108613290_10156843566513291,29/8/2018,19:34:25,photo,ขอบคุณทางเดลินิวส์ที่รักษาจริยธรรมสื่อ เซ็นเซอร์หน้าผู้บริสุทธิ์ที่ไม่มีส่วนเกี่ยวข้องกับคนร้ายอย่างมิดชิด  ปล วงวารน้องหมา,https://www.facebook.com/DramaAdd/photos/a.10151331013638291/10156843566468291/?type=3
141108613290_10157005764193291,31/10/2018,10:09:51,video,สุขสันต์วันฮาโลวีนนนนนนนน วันนี้ใครว่างๆไปบริจาคเลือดให้แวมไพร์ เอ้ยยย ให้สภากาชาดกันได้นะจ๊ะ,https://www.facebook.com/nbctrc/videos/907229882805874/
141108613290_10157003385363291,30/10/2018,10:43:31,video,จารยอ๊อดแกเปิดแลปส่วนตัว อันนี้จ่าถามแกมาว่า แลปจารยเนี่ยตรวจพวกไซบูทรามีนในอาหารเสริมลดความอ้วนไรงี้ได้มะ จารยอ๊อดแกบอกว่าได้จิ ใครสนใจอยากส่งตรวจอาหารเสริมที่สงสัยว่าใส่ไซบู ติดต่อจารยแกได้เบยนาจา,https://www.facebook.com/Labsuresure/videos/1770320319760198/
141108613290_10156778946643291,4/8/2018,19:00:01,video,"อันนี้เป็นคลิปแนะนำการเลือกใช้บริการรถเช่าเหมา  ช่วงวันหยุดเดือนสิงหาคมนี้ พ่อแม่พี่น้องคงเตรียมตัวไปแร่ด ตจว กันถ้วนหน้าละ แต่บางคนก็ไม่มีรถจะพาเพื่อนพ้องหรือครอบครัวไปแร่ดกันไกลๆ  บางคนก็ไปเหมารถปิ๊กอัพมา พากันไปเที่ยวกันทั้งบ้าน คนที่ไปกันด้วยก็นั่งกันตรงกะบะนั่นล่ะ ซึ่งมันอันตราย เกิดรถคว่ำ แหกโค้งไรงี้ขึ้นมา ไอ้ที่นั่งๆอยู่ตรงกะบะแม่งเทกระจาดเลยนะ แต่หลายคนก็เลือกเหมารถไปกัน กรมการขนส่งทางบกเค้ามีวิธีแนะนำในการดูรถเช่าเหมาไปเที่ยวต่างจังหวัดมาให้ดูกันจะได้เช่าเหมาพาไปแร่ดกันอย่างสบายใจ ไม่ต้องไปเสี่ยงตายกับรถที่แบบเอาคนขับมาขับวนกะไปมาคนเดียวหลายๆเที่ยว เสี่ยงฉิบหาย  เช่นเลือกผู้ประกอบการณ์ที่มีความเป็นมืออาชีพ, เลือกรถโดยสารสาธารณะป้ายเหลืองที่ถูกกฏหมายมีอุปกรณ์เพิ่มความปลอดภัย เลือกเดินทาง เลือกรถเช่าเหมาที่ได้มาตรฐาน ก็ปลอดภัยอุ่นใจหายห่วงนะพี่น้อง",https://www.facebook.com/DramaAdd/videos/10156778946643291/
141108613290_338800960025889,17/9/2018,17:55:00,video,ข่าวประชาสัมพันธ์จาก LINE MOBILE อีกแล้วนาจาา (สองวันซ้อนเลย) ……………………………………………………….  ซิมมือถือ LINE MOBILE โทร แชท เล่นเน็ต แค่เดือนละ 5 บาท!  รีบ! คลิก https://bit.ly/2Qnwuns หรือ สแกน QR code เพื่อลงทะเบียน ถึง 6 โมงเย็นนี้ เท่านั้นนนนน! จ่ายบิลมือถือถูกสุดๆ แค่เดือนละ 5 บาท จะได้เสพดราม่ากันไปยาวๆ คลิกเลยไม่ต้องคิดเยอะ!  #LINEMOBILETH #รักได้ง่ายๆ #ถูกกว่าแน่นอน #ซิมถูกสุดหยุดโลก #5นาทีหยุดโลก,https://www.facebook.com/DramaAdd/videos/338800960025889/
141108613290_10156814660518291,18/8/2018,10:33:12,video,อัพเดทสถานการณ์น้ำท่วมภาคเหนือจากเพจ pr เชียงรายเจ้า,https://www.facebook.com/prchiangrai2014/videos/471908673323723/
141108613290_10156835079688291,26/8/2018,10:38:40,video,ข้อมูลเรื่องโรคเส้นเลือดในสมองจากหมอแมวคนับ,https://www.facebook.com/HmxMaew/videos/1931896250442380/
141108613290_305922166828582,14/8/2018,19:00:01,video,คุณอ่านให้ครบทุกคำ โดยที่ไม่ข้ามได้มั้ย? ซ้อมซ้อมซ้อมซ้อมซ้อมซ้อมซ้อมซ้อมซ้อมซ้อมซ้อมซ้อมซ้อมซ้อมซ้อมซ้อมซ้อมซ้อมซ้อมซ้อมซ้อมซ้อม ซ้อมซ้อมซ้อมซ้อมซ้อมซ้อมซ้อมซ้อมซ้อมซ้อมซ้อมซ้อมซ้อมซ้อมซ้อมซ้อมซ้อมซ้อมซ้อมซ้อมซ้อมซ้อม  คลิปชวนพ่อแม่พี่น้องให้กำลังใจนักกีฬาที่กำลังจะไปแข่งมหกรรมกีฬาครั้งยิ่งใหญ่ของเอเชียคนับ เขาคงอยากสื่อว่า กว่านักกีฬาแต่ละคนจะมาถึงจุดนี้  ได้เป็นตัวแทนของประเทศไปแข่งกีฬาระดับนี้ มันไม่ใช่แค่ฟลุ๊คๆหรือมีพรสวรรค์ก็ได้ไปแข่งแล้ว แต่ต้องผ่านการฝึกฝนซ้ำแล้วซ้ำเล่า ไม่รู้กี่พันกี่หมื่นครั้งกว่าจะพัฒนาความสามารถจนเป็นที่ยอมรับ   เออ จะว่าไป มหกรรมกีฬาครั้งยิ่งใหญ่ของเอเชียรอบนี้ มีแข่ง E-sport ด้วยว่ะ หลักๆที่ไทยน่าจะส่งลงแข่งก็มี ROV กับ LoL ซึ่งก็เหมือนกับการฝึกกีฬาจริงๆนั่นล่ะครับ มันไม่ใช่ว่าเล่มเกมเก่งแล้วจะได้ไปแข่งมหกรรมกีฬาครั้งยิ่งใหญ่ของเอเชียหรอกนะ มันต้องมีอะไรมากกว่านั้นอีกเยอะ และที่สำคัญที่สุดก็คือการฝึกซ้อมทุ่มเทนั่นแล  เพราะหัวใจที่มุ่งมั่น สำคัญกว่าผลแพ้ชนะของเกมส์ มาร่วมส่งแรงใจให้นักกีฬาไทย ไปให้ถึงเส้นชัย ผ่านทาง http://rozacheerthailand.com/ Roza Food #โรซ่าเห็นคุณค่าทุกความมุ่งมั่น #Rozacheerthailand,https://www.facebook.com/DramaAdd/videos/305922166828582/
141108613290_10156741285138291,20/7/2018,22:30:55,video,บรู๋วววววว,https://youtu.be/bBi9ndCbUtw
141108613290_10156825110108291,22/8/2018,10:35:29,video,ชาวเพชรบุรีเป็นไงมั่งงงงงงง,https://www.facebook.com/PPTVHD36/videos/2150367915239041/
141108613290_10157142953988291,25/12/2018,19:00:20,video,ปีใหม่ปีนี้ ใครไปเที่ยวที่ไหนก็ขอให้เดินทางกันปลอดภัย ไม่มีอุบัติเหตุ เมาไม่ขับนาจา แต่ถ้าใครอยากอยู่บ้าน ทำกิจกรรมช่วงปีใหม่กับครอบครัว ปะ!!! มาไล่ดูซีรีส์กัน ดูกันทั้งบ้านนี่แหละบันเทิงดี สร้างสัมพันธ์คนในครอบครัวด้วย  ปล เด๋วปีใหม่นี้กรูจะไล่ดู devilman crybaby ทวนอีกรอบ วู้ฮู้ :D  #ไม่ไปไหนไปNETFLIX,https://www.facebook.com/DramaAdd/videos/1601470029953945/
141108613290_10156916919213291,26/9/2018,13:55:01,video,orz กราบ!!! กราบ!!!! มิติใหม่ของ fan song เลยส้าสสสส,https://www.youtube.com/watch?v=sk9SUynHc1c&feature=youtu.be
141108613290_333347493901198,7/9/2018,21:30:03,video,ไอ้โฆษณานี้มันจะสื่อว่าอยากให้ทำตามที่ตั้งใจไม่ต้องสนขี้ตาชาวบ้าน หรืออยากสื่อว่า มึงจะทำอะไรก็เรื่องของมึง แต่ดูแลตัวมึงให้หอมหน่อย ถถถถถถถถ ยังไงก็ช่าง เอาเป็นว่าไม่จำเป็นต้องดูดีที่สุด แต่ทุกคนก็เท่ในแบบที่ตัวเอง เป็นได้ เท่สุดละเชื่อกรู,https://www.facebook.com/DramaAdd/videos/333347493901198/
141108613290_10156881093828291,12/9/2018,22:08:28,video,เภสัช ไม่ใช่อาชีพที่แค่นั่งสวยๆสะบัดบ๊อบในห้องยาในเวลาราชการแล้วสะบัดตูดลงจากห้องยาหลังเลิกงาน งานเขามีอะไรมากกว่านั้นเยออออะ ใครอยากรู้ว่าเภสัชทำอะไรมั่งใน รพๆ นึง ดูในคลิปได้เบยยยย,https://www.facebook.com/PrachanathSU/videos/689361324768288/
141108613290_10156790305758291,8/8/2018,21:42:00,video,คลิปฝากมาจากยูนิเซฟ นี่ก็ผ่านมาปีนึงละ ตั้งแต่ตอนผลักดัน พรบ คุมโฆษณานมผง แล้วหลายๆภาคส่วนเขาก็รณรงค์เรื่องการให้นมแม่กัน แต่มันมีอีกประเด็นที่จะขาดไม่ได้เลย และหน่วยงาน บริษัทต่างๆ สามารถมีส่วนร่วมกันได้เต็มที่ คือการสนับสนุน ให้แม่ให้นมลูกในที่ทำงานว่ะครับ  ตอนนี้บ้านเรายังมีน้อยมากนะ บริษัทที่สนับสนุนให้พนักงานให้นมลูกแบบเต็มตัว แบบ จัดเตรียมห้องให้นมแยกไว้ หรือมีห้องปั๊มนมพร้อมอุปกรณ์แช่เย็นเตรียมไว้ให้แม่ลูกอ่อนเสร็จสรรพ ในขณะที่ของ ตปท ส่วนมากเขาผลักดันเรื่องนี้กันเต็มที่ละ  อยากชวนคุณแม่ลูกอ่อน มาเล่าประสบการณ์กันหน่อยว่า ตอนนี้เวลาจะปั๊มนมหรือให้นมลูกที่บริษัท มันสะดวกหรือไม่สะดวกยังไง บริษัทไหนให้การสนับสนุนเต็มที่ในแง่ไหนมั่ง เผื่อบริษัทอื่นๆเห็นแล้วเขาจะได้สนับสนุนตามๆกันมั่ง  https://th.theasianparent.com/%E0%B8%A1%E0%B8%B2%E0%B8%8A%E0%B8%A7%E0%B8%99%E0%B9%80%E0%B8%AB%E0%B8%A5%E0%B9%88%E0%B8%B2%E0%B9%81%E0%B8%A1%E0%B9%88%E0%B8%A5%E0%B8%B9%E0%B8%81%E0%B8%AD%E0%B9%88%E0%B8%AD%E0%B8%99%E0%B8%A2%E0%B9%89%E0%B8%B2%E0%B8%A2%E0%B8%97%E0%B8%B5%E0%B9%88%E0%B8%97%E0%B8%B3%E0%B8%87%E0%B8%B2%E0%B8%99-%E0%B8%9A%E0%B8%A3%E0%B8%B4%E0%B8%A9%E0%B8%B1%E0%B8%97%E0%B9%84%E0%B8%AB%E0%B8%99%E0%B8%A1%E0%B8%B5%E0%B8%AB%E0%B9%89%E0%B8%AD%E0%B8%87%E0%B9%83%E0%B8%AB%E0%B9%89%E0%B8%99%E0%B8%A1%E0%B9%83%E0%B8%99%E0%B8%97%E0%B8%B5%E0%B9%88%E0%B8%97%E0%B8%B3%E0%B8%87%E0%B8%B2%E0%B8%99%E0%B8%97%E0%B8%B5%E0%B9%88%E0%B8%94%E0%B8%B5%E0%B8%97%E0%B8%B5%E0%B9%88%E0%B8%AA%E0%B8%B8%E0%B8%94%E0%B8%81%E0%B8%B1%E0%B8%99%E0%B8%99%E0%B8%B0/,https://www.facebook.com/DramaAdd/videos/10156790305758291/
141108613290_10156758599283291,27/7/2018,14:27:28,video,จับได้แล้ว แต่ที่น่าห่วงคือหลักฐานทางนิติวิทยาศาสตร์ เพราะเห็นตอนแรกตามข่าวบอกว่า สื่อสารกันไม่เข้าใจ ตร เลยลงบันทึกประจำวันเป็นคดีชู้สาว แบบนี้จะมีการเก็บหลักฐานทางนิติวิทยาศาสตร์ พวกอสุจิ สารคัดหลั่ง คราบเลือด dna อะไรพวกนี้มั้ยหว่า ถ้ามีเก็บไว้นี่ก็น่าจะโอเคในระดับนึง,https://www.facebook.com/thairath/videos/10157154678027439/
141108613290_10156958247418291,12/10/2018,13:11:43,video,สื่อสัมภาษณ์แม่น้องเด็ก ป4 แม่น้องก็เล่าว่ารู้สึกยังไงบ้างตอนเห็นคลิปนั้นหลุดออกมา,https://www.facebook.com/Ch7HDNews/videos/272590743592145/
141108613290_10157035444873291,12/11/2018,11:22:45,video,อันนี้คนไทยจำเป็นต้องรู้ วิธีปฐมพยาบาลเมื่อถูกสาดกรด ควรทำยังไง จริงๆบ้านเรานี่หาซื้อกรดง่าย เพราะมันถูกเอาไปใช้ในการแปรรูปวัตถุดิบทางการเกษตรเยอะนะเนี่ย ยิ่งกรดกัดยางนี่หาซื้อง่ายยังกับอะไรดี,https://www.facebook.com/streetheroproject/videos/2331277713566870/
141108613290_10156858609928291,4/9/2018,10:53:22,video,กองปราบจัดแถลงข่าวด่วนเรื่องมีตำรวจนอกแถว มันไปเรียกรับเงินเพื่อเคลียร์คดีเมจิกสกินครับ,https://www.facebook.com/Ch7HDNews/videos/2118794995048962/
141108613290_2353630554648352,31/8/2018,19:00:02,video,"คลิปโปรโมทจาก กฟผ. ""การต่อสู้เพื่อมอบแสงสว่างให้คนไทยมาตลอด 134 ปี"" ครับ ก็ขอบคุณที่ดูแลเรื่องไฟฟ้าให้ประเทศชาติมาร้อยกว่าปี ขอให้พัฒนายิ่งๆขึ้นไป อยากให้ทุกคนดูและมาร่วมเป็นกำลังใจกับ กฟผ.กันนาจา",https://www.facebook.com/DramaAdd/videos/2353630554648352/
141108613290_10156763802943291,29/7/2018,12:28:36,video,คงได้เห็น meme กันอีกหลายอันและหลายเพลง ถถถถถถถถ โอ่ะ โอ่ะ โอ่ะ โอ๊ะ,https://www.facebook.com/MemeThailand555/videos/180441792680083/
141108613290_10156745747508291,22/7/2018,13:58:56,video,อัพเดทล่าสุดคนับ,https://www.facebook.com/BrightTV20/videos/2199873983626582/
141108613290_1734143613364945,27/9/2018,19:00:01,video,เพลงวินเทจมวากกกกกกก แต่ ฝุ่นควันอนุภาคขนาดเล็ก หรือ pm 2.5 เป็นเรื่องซีเรียสจริงๆครับ หลังๆจะเห็นข่าวเมืองใหญ่ๆในบ้านเรา โดยเฉพาะกรุงเทพที่ตึกราบ้านช่องอยู่กันอย่างแออัด มีฝุ่นควันแบบนี้คลุมเต็มเมืองไปหมด มันไม่ได้ส่งผลแค่ปอด ทางเดินหายใจเท่านั้น แต่มีงานวิจัยชัดเจนว่ามันส่งผลต่อระบบไหลเวียนโลหิตและหัวใจตรงๆเลย แถมยังมีพวกโลหะหนักผสมด้วย เพราะสาเหตุของ PM2.5เนี่ย นอกจากมาจากการเผาไหม้ของรถยนต์ ไฟป่าแล้ว ควันที่เกิดจากการก่อสร้าง หรือควันจากโรงงานอุตสาหกรรมก็ด้วย ซึ่งควันจากโรงงานพวกนี้มันอาจมีโลหะหนักปนอยู่ ซึ่งคนที่สูดเข้าไปก็อาจเพิ่มอัตราการเป็นมะเร็งในอนาคตได้ ดังนั้นถ้าไม่อยากให้เด็กๆที่มาร้องเพลงดักแก่แบบในคลิปนี้ เป็นมะเร็งปอดกันในอนาคต ต้องช่วยกันลดมลภาวะฝุ่นควันได้แล้วว่ะครับ  #บ๊ายบายมลพิษ #ลดฝุ่นเข้าเพื่ออนาคต #PTTNGV #PTTNGVคุณภาพใหม่,https://www.facebook.com/DramaAdd/videos/1734143613364945/
141108613290_10156911597123291,24/9/2018,9:17:08,video,คล้ายๆที่เกิดขึ้นที่อินโดตอนเดือนสิงหาเลยนะ ฉลามวาฬเป็นสัตว์ใกล้สูญพันธ์ หาดูยากมาก เมื่อพบเห็น โดยปรกตินักดำน้ำจะไม่ไปแตะต้องตัวมันเลย,https://m.youtube.com/watch?feature=youtu.be&v=6c9BS4hcYdc
141108613290_10157100366788291,8/12/2018,17:04:05,video,ไลฟ์สดการชุมนุมที่ปารีสครับ,https://www.facebook.com/RTnews/videos/327235928004500/
141108613290_10157130238988291,20/12/2018,21:32:42,video,เท่ห์ว่ะ หุ่นยนต์ฝึกเดินจากศิริราช ที่ช่วยผู้ป่วยที่มีปัญหาการเดิน เช่น เส้นเลือดในสมองตีบ ในการทำกายภาพบำบัดให้กลับมาเดินได้อีกครั้ง,https://www.facebook.com/ThaiPBSSciAndTech/videos/345095876074261/
141108613290_568574006906145,14/10/2018,11:00:01,video,เด๋วนี้นอกจากจะต้องเตือนเรื่องเมาแล้วขับ สัญจรอย่างปลอดภัยในช่วงหยุดยาวแล้ว คงต้องเตือนกันเรื่องทิ้งขยะเกลื่อนกลาดช่วงหยุดยาวด้วย เพราะพอเราไปเที่ยวที่ไหน พอกลับเท่านั้นล่ะ มึงเอ้ยยย ขยะแม่งกองเป็นภูเขา อย่างน้ำตก ชายหาด ก็ตามในคลิปนะคนับ สุดท้าย สัตว์น้ำ สัตว์ป่าแดกเข้าไป ตายโหงตายห่า ธรรมชาติพังหมด ละผลก็กลับมาหามนุษย์เราอยู่ดี ดังนั้นสร้างค่านิยมใหม่ แดกเสร็จแล้วก็เก็บไปทิ้งด้วย และถ้าเป็นไปได้ก็ลดการสร้างขยะไปเล้ยย ไปเที่ยวก็พกถุงผ้า กล่องข้าว แก้วน้ำแบบใช้แล้วเอาไปล้างรียูสได้ไรงี้ไปใช้กัน แค่นี้ก็ลดขยะได้เยอะแบ้ววว ช่วยกันๆ  #วันหยุดสร้างขยะ #ลดโลกเลอะ #การท่องเที่ยวแห่งประเทศไทย,https://www.facebook.com/DramaAdd/videos/568574006906145/
141108613290_10156845076823291,30/8/2018,8:51:27,video,แชร์ให้เภสัชกรทุกท่านได้ฟังกัน ถถถถถถถถถถถถถถ,https://www.facebook.com/thestandardth/videos/2116514691941934/
141108613290_10157042803798291,15/11/2018,18:37:38,video,เมื่อคืนนี่กรูกำลังจะนอนอยู่ละ ทนายนิด้าทักมาถามตอนดึกๆ แล้วถามกรูว่า จ่าๆ ปรกติตรวจภายในนี่มันใส่ดิลโด้ตอนตรวจปะ กรูฟังคำถามแล้วก็ WTF มาก แล้วก็อธิบายวิธีตรวจภายในตามปรกติให้ทนายนิด้าฟัง มาวันนี้ เป็นข่าวใหญ่เลยเว้ยยยย ก็รอดูข่าวกันไป แต่เมื่อคืนก็บอกทนายนิด้าไปละ ว่ามีอุปกรณ์บางอย่างที่หน้าตามันคล้ายๆดิลโด้และต้องใช้ถุงยางตอนใช้ตรวจคนไข้ คืออุปกรณ์ตรวจอัลตร้าซาวด์ทางช่องคลอด ภาพประกอบอยุ่ในเม้นนนน,https://www.facebook.com/BrightTV20/videos/636231233438880/
141108613290_317631722323399,30/8/2018,19:00:01,video,ช่วงโฆษณา :D พฤติกรรมผู้บริโภคสมัยนี้แม่งเปลี่ยน บางคนดูสดไม่ทัน ส่วนมากก็ทำงานทำนู่นทำนี่แล้วก็ต้องไปหาดูรีรันเอา แต่อันหลังสุดนี่เสียวๆแทนเจ๊ใน vdo นะ ก็เอาเป็นว่าเด๋วนี้พวก LINE TV ค่อนข้างตอบโจทย์ชีวิตได้พอสมควร ถถถถถถถ    #ไลน์ทีวียิ่งดูย้อนหลังยิ่งอิน #LINETV    ใครยังไม่มี Line TV แนะนำให้โหลด http://lin.ee/immTDmL,https://www.facebook.com/DramaAdd/videos/317631722323399/
141108613290_2414082005275273,12/9/2018,19:00:01,video,"มิติใหม่ของการทำ MV หลังจากเจาะกลุ่มวัยรุ่นและรุ่นใหญ่กันมาจนปรุแล้ว ล่าสุด บิ๊กแอสทำ MV กับคูโบต้า เจาะกลุ่มเกษตรกรว่ะ ถถถถถถถถถถถถถถถถถถถถถถถถถถถถ อย่าทำล้อเล่นไป ระดับลีโอพุฒมาเล่น MV ด้วยเลยนะเมิง ลองไปดูกัลลลลล  #ตลอดไปมีจริง #บิ๊กแอส #40ปีสยามคูโบต้า #SiamKubota #คูโบต้า  หนังสั้น 40 ปี สยามคูโบต้า ""ตลอดไป...มีจริง"" https://youtu.be/WhLj-Q38_Bg   MV ""ตลอดไป...มีจริง"" - บิ๊กแอส https://youtu.be/sQLkjFJNsK4   JOOX ""ตลอดไป...มีจริง"" - บิ๊กแอส http://www.joox.com/th/en/album/4222450",https://www.facebook.com/DramaAdd/videos/2414082005275273/
141108613290_10156822778808291,21/8/2018,12:33:17,video,ทางเรืองฤทธิ์ออกมาแย้งละ สรุปทางเรืองฤทธิ์พูดถึงประเด็นที่ทาง ผจก อ้างอิงคะแนนจาก World Fencing Championships Wuxi 2018 เดือนกรกฏาที่ผ่านมา  เรืองฤทธิ์บอกว่า เขากับอันดับ 44 ตกรอบเดียวกันอ่ะ คะแนนเท่ากัน ไอ้ตัวเลข 70 กับ 90 นั่น ไม่ได้เรียงลำดับตามสกอร์ แต่เรียงลำดับตามลำดับของนักกีฬาเฉยๆ   ถถถถถถถถถถถถถถถถถถถถถถถถถถถถถถถถถ เหยด สนุกละมึง เรืองฤทธิ์ยังระบุอีกว่า ถ้าใช้คะแนนตรงนั้น แล้วเราจะคัดตัวกันมาทั้งปีทำไมฟะ,https://www.facebook.com/ThaiPBSFan/videos/1824054010965575/
141108613290_10156776286428291,3/8/2018,11:01:16,video,อ่าว BTS แถลงแล้วว่ะ แต่ที่ผ่านมานึกว่ามันจะมีระบบประมาณ ถ้าประตูยังปิดไม่สนิท รถจะไม่แล่นออกจากชานชาลา ดีนะไม่มีใครพลัดตกลงไปไม่งั้นเจ็บหนักแหง,https://www.facebook.com/bignews25/videos/2182270402002825/
141108613290_1729762977150274,9/9/2018,19:00:01,video,วันก่อนไปห้างใกล้บ้าน เจอครอบครัวนึงขี่มอไซค์กันมาซ้อนสี่ พ่อเป็นคนขับ แม่นั่งซ้อนหลัง มีลูกเล็กสองคน คนนึงนั่งบนหน้าตักแม่ อีกคนนั่งบนหน้าตักพ่อ และทุกคนไม่มีใครใส่หมวกกันน็อกเลยซักคนเดียว  ไม่ได้แช่งนะ แต่ลองนึกภาพ ถ้ามอไซค์คันนั้นโชคร้าย เกิดอุบัติเหตุ มอไซค์ล้มหรือถูกรถชนขึ้นมา ลูกสองคนนั้นไม่น่ารอด น่าจะกระแทกพื้นทำให้หัวได้รับบาดเจ็บอาจจะถึงขั้นสาหัส ถ้าเกิดเหตุการณ์แบบนั้นขึ้น ต่อให้พ่อแม่ร่ำร้องเสียใจยังไง ลูกก็ไม่ฟื้นกลับมา   น่าจะถึงเวลาที่เราจะรณรงค์เรื่องการใส่หมวกกันน็อกให้เด็กที่นั่งมอไซค์ได้แล้วมั้ง ให้เด็กเขามีโอกาสได้ใช้ชีวิตทำตามฝันต่อไป ไม่ใช่มาหยุดอยู่แค่นี้เพราะขี่มอไซค์ไม่สวมหมวกกันน็อก  #DreamProtector #ทุกความฝันต้องได้รับการปกป้อง #สังคมหัวแข็ง #ใครไม่ใส่เราไม่ยอม,https://www.facebook.com/DramaAdd/videos/1729762977150274/
141108613290_2109861322665695,20/9/2018,20:00:01,video,ฝันดีของคนแต่งบ้าน แต่ฝันร้ายของช่างต่อเติมบ้าน ถถถถถถถถถถถถถถ โฆษณาเด๋วนี้แม่งกวนตีนกันจริง เด๋วกรูขอตัวไปสอยกระเบื้องมาแปะทับวอลเปเปอร์ที่ห้องแป้บ  แมวแม่งทำห้องกรูพังพินาศหมดละสาส  ใครกำลังหากระเบื้องมาแก้ปัญหาชีวิตแบบกรูไปสอยได้ที่บุญถาวรทุกสาขา หรือช้อปออนไลน์ 24 ชั่วโมง ได้ที่ https://www.boonthavorn.com/   #บุญถาวรTileExpo #กระเบื้องลดแรง #แจกทองจัดหนัก,https://www.facebook.com/DramaAdd/videos/2109861322665695/
141108613290_1135774463228795,15/8/2018,19:00:01,video,โฆษณานี้ขอเตือนสำหรับคนที่กลัวแมลงสาบ มึงอย่าดู ถถถถถถ เชี่ยคลิปทำดีมาก ขนลุก  ป.ล.ที่ 1 วันก่อนนี่แม่ง ไปแดกร้านอาหารก่อนแวะกลับบ้าน สั่งข้าวต้ม กับข้าว แล้วก็เอ็นไก่ทอดมาแดก กำลังจิ้มเอ็นไก่เพลินๆ ไอ้สั้ส ลูกแมลงสาบเดินไต่จานอยู่ เลยเรียกเด็กเสิร์พมาจับแมลงสาบไปทิ้ง ปรกติเจองี้คงกินข้าวต่อไม่ลง แต่กรูหิว กินต่อละกันวะ จนหมดจาน จริงๆร้านมันน่าจะมีส่วนลดให้กรูด้วยนะเนี่ยพับผ่า ถ้าเกิดกรูขี้แตกเพราะพวกซัลโมเนลลาหรือติดพยาธิ  ติดไวรัสต่างๆนานาในแมลงสาบจะทำไงแสด   ป.ล.ที่ 2 แมลงสาบเป็นพาหะของเชื้อสารพัดชนิดมาก พวกแบคทีเรียก็ซัลโมเนลลาพยาธิบางชนิดเช่น พยาธิปากขอ พยาธิเข็มหมุด กับพวกโปรโตซัวบางตัว ซึ่งปรกติพวกนี้น่าจะอยู่ในทางเดินอาหารของแมลงสาบ ถ้ามันเดินผ่านตรงไหนปรกติก็จะขี้แถวนั้นด้วยก็ได้เชื้อกันไปเพลินเลยสาส คลิปนี้ทำได้ดีขอชม เป็นอนิเมชั่นดูง่าย ถ้าเป็นของจริง สาวๆอาจอี๋ได้,https://www.facebook.com/DramaAdd/videos/1135774463228795/
141108613290_10157004727513291,31/10/2018,0:11:31,video,คลิปป้ายยาครับ ถถถถถถถถถ คนโดนป้ายจะรูดซื้อไอแพดโปรโดยควบคุมตัวเองไม่ได้,https://www.youtube.com/watch?feature=youtu.be&v=YJ5q8Wrkbdw&fbclid=IwAR3DWEQPxW1LNJY7yD8GpaX_trkOEV-t75jio4z4zMnh72Rb-D83uIc8qao&app=desktop
141108613290_10156841190843291,28/8/2018,20:55:16,video,ขอบคุณคลิปความรุ้เรื่องโรคซึมเศร้าจากมหิดลครับ อันนี้ดีมาก คนที่มีปัญหา ทำยังไงคนที่บ้าน คนในครอบครัวก็ไม่เข้าใจว่าโรคซึมเศร้ามันคืออะไร ไล่ไปเข้าวัดอยู่ได้ ลองเอาคลิปนี้ให้เขาดูนะ ��,https://www.facebook.com/mahidolchannel/videos/271878553638065/
141108613290_10157072811903291,28/11/2018,1:50:24,video,อันนี้เขาเอาเด็กๆที่เคยเข้าค่ายธรรมะที่ว่านั่นมาเล่าประสบการณ์ว่าเจออะไรมาบ้างว่ะ แม่งคล้ายกันมากเลยนะกับที่หลายๆคนเล่าว่าไปเจอมาในค่ายธรรมพต่่งๆ,https://youtu.be/uRfS6SMo0SE
141108613290_10156866505983291,7/9/2018,11:37:48,video,แซงไหล่ทาง......มันคิดอะไรของมันวะ,https://www.facebook.com/onenews31/videos/1974081289281048/
141108613290_10157132656863291,21/12/2018,21:28:18,video,Wow ตาจั๊ดเอาคดีในตำนานของ ญป อย่างคดี จุนโกะ ฟุรุตะ มาเล่าว่ะ เป็นเรืองของ เด็กผู้หญิงคนนึงที่โดนทรชนจับตัวไปรุมโทรม ทรมานอย่างเหี้ยมโหด ก่อนจะฆ่าเธอในที่สุด คนก่อเหตุทุกคนเป็นเยาวชน หลังจากนั้นคนร้ายก็เข้าสถานพินิจ หลังออกสถานพินิจบางคนก็วนเข้าเวียนออกคุก บางคนก็ย้ายไปทำมาหากินที่อื่นที่ไกลๆไม่มีคนรู้จัก เปลี่ยนชื่อแซ่เป็นชื่อใหม่  อ้อ หนึ่งในนั้นย้ายมาทำงานในไทยครับ เห็นสื่อ ญป นำเสนอในข่าวล่าสุด หลังหนึ่งในคนร้ายคดีจุนโกะไปฆ่าคนตายแล้วถูกตำรวจจับอีกรอบ,https://www.facebook.com/onenews31/videos/315470125733395/
141108613290_10156745693213291,22/7/2018,19:00:01,video,แม่งเริ่มมาโคตรดราม่า ตอนจบแม่งมาม่าเฉ้ยยยยยยยยยย อันนี้คลิปโฆษณาของแซลม่อน ที่ทำให้ ShopBack ก็ฝากถึงพ่อแม่พี่น้อง ถ้าไม่อยากเกลือก็วางแผนกันดีๆตอนไปเที่ยว ตปท เพราะอะไรนั้นลองดูคลิปกันเองนาจา,https://www.facebook.com/DramaAdd/videos/10156745693213291/
141108613290_2185073491775169,11/9/2018,19:00:01,video,ช่วงโฆษณา...กำลังจะรูดบัตรซื้อเครื่องออกกำลังกายมาเล่นอีกตัว ดูคลิปนี้จาก KTBแล้ว กรูต้องเบรคไว้ก่อนเลย แล้วมานั่งคิดว่า กรูควรรูดซื้อจริงๆปะวะ เด๋วแม่งจะกลายเป็นแบบไอ้แมวน้ำในคลิปนี้ถถถถถถถ  #ซื้อไปทำแมวน้ำอะไร #คิดก่อนควักชะงักก่อนเปย์,https://www.facebook.com/DramaAdd/videos/2185073491775169/
141108613290_10156753854778291,25/7/2018,20:30:00,video,อืมมม อันนี้เขามาจ้างลงโฆษณา ดูแล้วก็นะ สมัยนี้แม่งนิยมทำโฆษณากันแบบนี้เหรอวะ เอาสามนาทีที่กรูอุตส่าห์ตั้งใจดูคืนนนมาาาา มึงบิ้ววววดราม่าแล้วมาหักมุมกันง่ายๆงี้เลยหราาาาาา   #โลกสวยมีอยู่จริง #TheExcelLasalle17,https://www.facebook.com/DramaAdd/videos/10156753854778291/
141108613290_10157087235723291,3/12/2018,9:18:23,video,ถถถถถถถถถถถ,https://www.facebook.com/MajorGroup/videos/493740457803559/
141108613290_10156955549908291,11/10/2018,13:05:14,video,...จนท พานักโทษคดียาเสพติด ขึ้นรถคุมตัวผู้ต้องขังไปศาล เพื่อส่งฟ้อง นักโทษหกคนนี้ยึดรถของเรือนจำ แล้วขับชนประตูรั้วศาลหนีออกมา ตอนนี้ตำรวจกำลังไล่ล่า ใครพบเห็นเบาะแสแจ้ง จนท ด่วน  ปล ยังกะในหนัง,https://www.facebook.com/SouthernThaiPBS/videos/337641186989509/
141108613290_10157070140043291,27/11/2018,0:25:03,status,จากข่าวที่ว่ามีการสร้างทารกตัดต่อพันธกรรมให้อาจมีความสามารถในการต้านการติดเชื้อ HIV และไวรัสอื่นๆได้ อยากถามความเห็นพ่อแม่พี่น้องว่าถ้ามันทำสำเร็จในมนุษย์จริงๆ จะยอมใช้วิธีการนี้กับตัวเองและลูกหลานมั้ย ขอเหตุผลด้วยนะจ๊ะ,
141108613290_10157047371838291,17/11/2018,16:37:49,status,....เมื่อกี้ซื้อตั๋วหนัง fantastic beast  บอกคนขายว่า แฮรี่พอตเตอร์ซาวดแทรค คนขายก็มองงงๆ กรูก็งงๆ พอนึกได้ อ้อ  ไม่ใช่แฮรี่พอตเตอร์ ต้อง fantastic beast สิวะ อ๊ายอายยยยย -///////-),
141108613290_10157035830363291,12/11/2018,16:42:22,status,จากแถลงของ รพ ขอชื่นชมนักข่าวที่อยู่ในห้องแถลง พวกคุณเก่งฉิบหาย ทำการบ้านมาดีมาก และถามจี้จุดสำคัญ จนได้ข้อมูลที่ฝั่งครอบครัวผู้ตายจำเป็นต้องใช้ออกมาอื้อซ่าเลย ยกนิ้วให้ว่ะ เจ๋งสัสๆ,
141108613290_10156994423373291,26/10/2018,22:04:37,status,จากประเด็นเพลงแร๊ป ประเทศกูมี  คุณอยากเห็นลุงๆบิ๊กๆและภาครัฐ ตอบโต้เพลงแร๊ปนี้ด้วยวิธีการใด,
141108613290_10156900005488291,19/9/2018,23:03:58,status,อันนี้ พชร์ อานนท์ ผู้กำกับหลวงพี่แจ๊สบอกเองว่า ผู้ตาย ไม่ใช่ดาราที่เล่นหนังหลวงพี่แจ๊สของเขา ทำไมสื่อไปลงข่าวกันแบบนั้น   พชร์ ยังอธิบายเพิ่มว่า ในหนังมีฉากที่ใช้ตัวประกอบฉาก เยอะถึงสามพันห้าร้อยคน ถ้าจะบอกว่าเป็นตัวประกอบมาเข้าฉากนี้ แล้วนับเป็นดารานักแสดงในหนังเรื่องนี้ มันก็ต้องเป็นดารากันหมดทั้งสามพันคนดิ  .....สื่อเจ้าไหนแม่งเปิดประเด็นเจ้าแรกวะ,
